"x1","x2","x3","x4","x5","x6","x7","x8","x9","x10","x11","x12","x13","x14","x15","x16","x17","x18","x19","x20"
2.58032570342479e-37,8.20970693606565e-38,-2.112710325506e-37,-5.21236421243118e-38,1.19085150382564e-37,-7.14465042933568e-38,-8.66386416299763e-38,6.04612657752428e-39,1.17244634681136e-37,-2.83517327789645e-38,-8.5222628245177e-38,-6.19555509150926e-39,3.62958178824876e-38,-3.1106493131941e-39,-5.88991625654141e-39,4.46619297987529e-38,-2.47318651251653e-38,-4.84570227731224e-39,-1.36469902423548e-38,-3.5766433048119e-38
0.000868203786161256,0.000275699999098594,-0.000710927308332681,-0.000174876146915018,0.00040104474887784,-0.000240645266144183,-0.000291628671389551,2.03853277423442e-05,0.000394730582779636,-9.51968140203455e-05,-0.000286721926566346,-2.07817091473871e-05,0.000122509068620583,-1.04045551618809e-05,-1.9878458959242e-05,0.000150068294881639,-8.34159013189309e-05,-1.6056440547737e-05,-4.57530029677546e-05,-0.000120128857577078
0.000952688045442904,0.000302471300264398,-0.000780113779883602,-0.000191839347163969,0.000440108377061678,-0.000264088800602347,-0.000320019230411824,2.2373484108717e-05,0.00043316679859139,-0.00010443917557117,-0.000314619772191097,-2.27970894399806e-05,0.000134471370254137,-1.14104669823059e-05,-2.1819270850287e-05,0.000164649346237286,-9.15544015667681e-05,-1.7592406210271e-05,-5.01875662240744e-05,-0.000131795598174668
0.00104537582853678,0.000331830529490678,-0.000856019697029652,-0.000210438683388889,0.000482972866179014,-0.00028981407723851,-0.000351168977457421,2.45555779629946e-05,0.000475340318158413,-0.000114574647833138,-0.000345225912248914,-2.50067316139349e-05,0.00014760358847259,-1.25126913378942e-05,-2.39498645429017e-05,0.000180641726286131,-0.000100487502640997,-1.92721506190889e-05,-5.50491152230295e-05,-0.000144590519478793
0.00114706015539485,0.000364025489797197,-0.000939294899368425,-0.000230830091605916,0.000530007275850506,-0.000318042799323607,-0.00038534523492118,2.69505598153485e-05,0.00052161350199015,-0.000125688698530323,-0.000378802068980226,-2.74291508760523e-05,0.000162020530488094,-1.37202957518693e-05,-2.62888441921062e-05,0.000198180967626791,-0.000110292904961679,-2.11084497994756e-05,-6.0378204137212e-05,-0.000158621731021726
0.00125860995326101,0.00039932722274384,-0.00103065148047162,-0.000253183959427024,0.000581616262685988,-0.000349018073780905,-0.000422840935028298,2.95792113529445e-05,0.000572383569815834,-0.000137874783435038,-0.000415634957987786,-3.00845511422766e-05,0.000177848334081803,-1.50431336897058e-05,-2.88566589528467e-05,0.000217415370197324,-0.000121055921163248,-2.31151044022321e-05,-6.62191047861728e-05,-0.000174007494199414
0.00138097719872073,0.000438032094524339,-0.00113086966195183,-0.000277686408710778,0.000638243546921171,-0.000383006508314552,-0.000463977133980589,3.2464344827815e-05,0.000628085960999901,-0.000151235074429234,-0.000456038669666531,-3.29949962155693e-05,0.000195225611662048,-1.64919349915346e-05,-3.16757779616231e-05,0.000238507182658718,-0.000132870233053802,-2.53069655107201e-05,-7.26201393312633e-05,-0.000190877140169254
0.00151520467721925,0.000480464043210637,-0.00124080417289371,-0.000304540652767872,0.000700375641275837,-0.000420300460712982,-0.000509105665654413,3.56310016721539e-05,0.000689197957158298,-0.000165881229657595,-0.000500357221181696,-3.61845688853795e-05,0.000214304701515432,-1.80783746325228e-05,-3.47708924101686e-05,0.000261633859426176,-0.000145838717212075,-2.7699978019287e-05,-7.96340215128044e-05,-0.00020937205646365
0.0016624344312846,0.000526977000808776,-0.00136139119842686,-0.000333968450601521,0.000768545927035039,-0.000461220498644287,-0.000558612036255586,3.91066705279029e-05,0.000756242636856014,-0.000181935222882696,-0.000548967333807343,-3.96795410720773e-05,0.000235253047868069,-1.98151449521604e-05,-3.8169138296494e-05,0.000286989419655984,-0.000160074352767513,-3.03112165847098e-05,-8.73182204229771e-05,-0.000229646751327526
0.00182391695111725,0.000577957498455206,-0.00149365594242028,-0.000366211660704754,0.000843339107861961,-0.00050611808859448,-0.000612918579882347,4.2921526568444e-05,0.000829793190476515,-0.000199530234693067,-0.000602281452952886,-4.35085552053783e-05,0.000258254723601768,-2.17160310846139e-05,-4.19003420459747e-05,0.000314785914058053,-0.000175701219634441,-3.31589111743222e-05,-9.57353468928646e-05,-0.000251869999733684
0.00200102116380457,0.000633827462220028,-0.00163872085160743,-0.000401533895851243,0.000925396074140804,-0.000555378534014051,-0.000672487896197679,4.7108694162505e-05,0.000910477625226605,-0.00021881160787519,-0.000660751028992303,-4.77028168707907e-05,0.000283512111049046,-2.37959891895017e-05,-4.59972914380569e-05,0.000345255005189289,-0.000192855596303507,-3.6262458524853e-05,-0.000104953562170603,-0.000276226074722479
0.00219524527976645,0.00069504720572851,-0.00179781455061698,-0.000440222278880167,0.00101541921302076,-0.000609424184201566,-0.000737826592651517,5.17045351149206e-05,0.000998983892122001,-0.000239937868777702,-0.000724870077705116,-5.22962985551309e-05,0.00031124775806041,-2.60712269201236e-05,-5.04960345445914e-05,0.000378649666500149,-0.000211687167203929,-3.9642414974129e-05,-0.000115047008050938,-0.000302916067248241
0.00240822855702498,0.000762118624073002,-0.00197228153929783,-0.000482589297612938,0.00111417820176759,-0.00066871793695026,-0.000809489354896115,5.67489649153044e-05,0.00109606546865637,-0.000263081815837789,-0.00079517903970044,-5.73259540605482e-05,0.000341706428520037,-2.8559285369707e-05,-5.54362096866115e-05,0.000415246004814076,-0.000232360350643131,-4.33204651087047e-05,-0.000126096256960167,-0.000332159297057655
0.00264176404537354,0.000835588591156414,-0.00216359270528396,-0.000528974754661161,0.00122251632449921,-0.000733767059493126,-0.000888083370172099,6.22857996329935e-05,0.00120254743264633,-0.000288431675567371,-0.0008722689585778,-6.28319428237031e-05,0.000375157368706972,-3.12791215004697e-05,-6.08614097505567e-05,0.000455345210066982,-0.000255055759409732,-4.73193594556909e-05,-0.000138188779675739,-0.00036419481623193
0.0028978123733289,0.000916052559559354,-0.0023733567058113,-0.00057974780488663,0.00134135735484823,-0.000805127353775179,-0.000974273129468763,6.83631363131273e-05,0.00131933306441169,-0.000316192325165384,-0.000956785997723064,-6.88578629578243e-05,0.000411896813385184,-3.42511897800192e-05,-6.68195845756041e-05,0.000499275634962178,-0.000279971807293816,-5.16628130042418e-05,-0.000151419427332897,-0.000399283005844644
0.0031785166406758,0.00100415835810783,-0.00260333227321797,-0.000635309069534221,0.00147171304950757,-0.000883407693519384,-0.0010687856351307,7.50337699516626e-05,0.00144741101592401,-0.000346586579479558,-0.00104943631547558,-7.54509913127613e-05,0.000452250758286269,-3.74975214192939e-05,-7.33634855339237e-05,0.000547395005635546,-0.000307326476034884,-5.63753546350043e-05,-0.000165890923102314,-0.00043770726466216
0.00348621847820889,0.0011006101773659,-0.00285544149813986,-0.000696092811436947,0.001614691299911,-0.000969274961884522,-0.00117241604123426,8.23556503524246e-05,0.00158786308674976,-0.000379856538226059,-0.00115099131785022,-8.2662528201255e-05,0.000496578028753652,-4.10417992207134e-05,-8.05511568783743e-05,0.000600092762394648,-0.000337359258549723,-6.14821155240725e-05,-0.000181714357367089,-0.000479775786875949
0.00382347533364539,0.00120617272709032,-0.00313178414292691,-0.000762569150028866,0.00177150499139561,-0.00106345941967246,-0.00128603375441902,9.03923823910113e-05,0.00174187264741807,-0.000416264987118375,-0.00126229330695875,-9.05478436443702e-05,0.000545273677777889,-4.49094255997583e-05,-8.84464789298994e-05,0.00065779252699918,-0.000370333295711864,-6.70085422273729e-05,-0.000199009678332129,-0.000525823423429063
0.0041930790382735,0.00132167554203703,-0.00343465303498176,-0.000835246288013116,0.00194348162098402,-0.00116676053494368,-0.00141058902284498,9.92137734203052e-05,0.00191073375112282,-0.000456096843778718,-0.00138426154163274,-9.91667210174776e-05,0.000598772750500085,-4.91275808342339e-05,-9.71197687218924e-05,0.000720954689679468,-0.000406537725437351,-7.29800173943802e-05,-0.000217906167703718,-0.000576213618495142
0.00459807570230593,0.00144801740314699,-0.00376655058524459,-0.000914672713213983,0.002132073726279,-0.00128005330543419,-0.00154712004045129,0.000108896431739176,0.00209586097425954,-0.000499660635916475,-0.00151789872437313,-0.000108583592798104,0.000657554456523473,-5.37252680214327e-05,-0.000106648444312221,0.000790079105019842,-0.000446290264355623,-7.94213678564525e-05,-0.000238542888313944,-0.00063134040899033
0.00504178697764497,0.00158617082977702,-0.00413020647054277,-0.00100143932916506,0.00233887017871901,-0.00140429510519558,-0.0016967605925967,0.000119524420194593,0.00229880002499894,-0.000547289995159474,-0.0016642979254844,-0.000118867761691465,0.000722146796076852,-5.87333405854623e-05,-0.00011711775961538,0.000865707880823282,-0.00048994004387552,-8.63562361334199e-05,-0.000261069087257175,-0.000691630470539233
0.0055278332466292,0.0017371866929778,-0.00452859704797199,-0.00109618190428715,0.00256560978705284,-0.00154053406053409,-0.00186075027066665,0.00013119040865313,0.0025212402109871,-0.000599345485121691,-0.0018246508670103,-0.000130094168271495,0.000793131917930061,-6.41851309251178e-05,-0.000128621426681488,0.00094842872701368,-0.000537870870791287,-9.38057332353675e-05,-0.000285644862526313,-0.000757545292163033
0.00606015572349642,0.00190219825968213,-0.00496496345961466,-0.00119958121573367,0.00281418934518524,-0.0016899134406532,-0.00204043588343334,0.000143994828796735,0.00276502280244971,-0.000656214801196484,-0.00200025235544621,-0.000142341457082339,0.000871150977302532,-7.01141299943652e-05,-0.000141263219578969,0.00103887605301002,-0.000590504102196849,-0.000101789488969752,-0.000312440200366096,-0.000829582856710579
0.00664304464295275,0.00208242604221472,-0.0054428357055946,-0.0013123668752215,0.0030866850104959,-0.00185368528617798,-0.00223729119469918,0.000158048987174344,0.00303215958794492,-0.000718315913941844,-0.00219251326263515,-0.000155695028874603,0.000956911621645036,-7.6557143910947e-05,-0.000155156981628662,0.00113773639723055,-0.000648303146796847,-0.000110321569370229,-0.000341636797787651,-0.00090828021004663
0.00728116435917986,0.00227918146449594,-0.00596605341030214,-0.00143531698729433,0.00338536308084448,-0.00203321649067007,-0.00245292048105125,0.000173474561005879,0.00332484347306243,-0.00078609724754225,-0.00240296624150433,-0.000170245262477151,0.00105119427283337,-8.35521866127214e-05,-0.000170428343548103,0.0012457497074453,-0.000711777090951482,-0.000119410753020945,-0.000373426973500415,-0.00099421506380468
0.00797958184324445,0.00249387054827903,-0.00653878988563255,-0.00156925907191772,0.00371269742511379,-0.00222999942416495,-0.00268907070429456,0.000190404923791245,0.00364546417922029,-0.00086003905508163,-0.00263327549840377,-0.000186087923069242,0.00115486008252316,-9.11388076085177e-05,-0.000187215792715546,0.00136371246751872,-0.000781485291861992,-0.000129058267723353,-0.000408013687774027,-0.00108800767963152
0.00874379595387023,0.00272799692834706,-0.00716557686984037,-0.00171506995888722,0.00407138698980393,-0.00244566247062029,-0.00294764277981735,0.000208986213204903,0.00399662402857442,-0.000940654310095089,-0.00288524622630371,-0.000203324033527737,0.0012688595692916,-9.93578883595317e-05,-0.000205672015660732,0.00149248026959195,-0.000858042267771418,-0.000139255556621298,-0.000445610057819411,-0.00119032246751611
0.00957976772707033,0.0029831640709745,-0.00785133024281284,-0.00187367481139563,0.00446437445868083,-0.00268198121846538,-0.00323070345286325,0.000229378477753689,0.0043811545954412,-0.00102848929869971,-0.00316083434285701,-0.000222059613895587,0.00139424220035894,-0.00010825137261674,-0.000225965379817035,0.00163297011219784,-0.000942123022138194,-0.000149981585662823,-0.000486438556226383,-0.00130186929897844
0.0104939514699101,0.00326107644715451,-0.00860137656638115,-0.00204604506076349,0.00489486606718515,-0.00294089028489482,-0.00354049775633046,0.000251756902045807,0.00480213417927642,-0.00112412382325373,-0.00346215646037418,-0.000242405256044334,0.00153216701544017,-0.00011786192193836,-0.000248281567281476,0.00178616231284726,-0.00103446882432927,-0.000161199617015329,-0.000530729818816521,-0.00142340444076239
0.0114933263759796,0.00356353936753715,-0.00942148024654376,-0.00223319499791755,0.00536635255204755,-0.00322449573452573,-0.00387946200782011,0.000276313108349655,0.0052629060261704,-0.00122817091287498,-0.00379149999309272,-0.000264475494557643,0.0016839143967158,-0.000128232488051103,-0.000272825373822469,0.00195310190186552,-0.00113589346482022,-0.000172853364408396,-0.000578720975930171,-0.00155573099850267
0.0125854283010197,0.00389245713677732,-0.0103178710537647,-0.00243617672729455,0.00588263118938101,-0.00353508802733991,-0.00425023728461027,0.00030325652923595,0.00576709719109825,-0.00134127591895264,-0.00415133328205244,-0.000288387928002377,0.00185089909432017,-0.000139405794838535,-0.00029982268666383,0.00213489933987819,-0.00124728999595351,-0.000184862437834651,-0.000630653407546947,-0.00169969874240009
0.0137783812456353,0.0042498291314095,-0.0112972716670574,-0.00265607314586768,0.00644782884028867,-0.00387515539827085,-0.00465568329268997,0.000332815842343446,0.0063186378906809,-0.00146411485515245,-0.00454431558920864,-0.000314262037044215,0.00203468462047793,-0.000151423724783578,-0.000329522654582132,0.00233273037441209,-0.00136963795930851,-0.000197116977034457,-0.00068676980784439,-0.00185620316858384
0.0150809279873837,0.00463774334816051,-0.0123669248267289,-0.00289398856468023,0.00706642588045773,-0.00424739753001767,-0.00509889251960607,0.00036524045352185,0.00692178114473923,-0.00159739182160949,-0.00497330678000301,-0.000342217637298953,0.00223699912662859,-0.000164326607956188,-0.000362200063495974,0.00254783482181165,-0.00150401108685565,-0.000209471366321719,-0.000747310429040978,-0.00202618363110972
0.0165024591863003,0.00505836690996441,-0.0135346195890293,-0.00315103654379422,0.00774328083789278,-0.00465473933016667,-0.00558320453035862,0.000400802008616697,0.00758112244315181,-0.00174183533245217,-0.00544137647745409,-0.000372372895418882,0.00245975287547864,-0.000178152416471274,-0.000398157929902447,0.00278151402950586,-0.00165158544433324,-0.000221736918359244,-0.000812508358004963,-0.00221062036123886
0.0180530401560985,0.00551393295662932,-0.014808716073407,-0.00342832446563243,0.00848365549936048,-0.00510034456184842,-0.00611222023068372,0.000439795906810901,0.00830161910110946,-0.0018981933451317,-0.00595181243106743,-0.000404841826779939,0.00270505741254415,-0.000192935874146707,-0.000437730323122934,0.0030351267413116,-0.00181364796058222,-0.000233673412462343,-0.000882583662684216,-0.00241053017387944
0.0197434343484326,0.00600672328863769,-0.0161981679799854,-0.00372693432868682,0.00929324016969033,-0.00558762900226232,-0.00668981588264848,0.000482542779600951,0.00908860887947279,-0.00206722677011423,-0.00650812780084135,-0.000439731182414187,0.00297524652770219,-0.000208707500308185,-0.000481285425249639,0.00331008305599455,-0.00199160525464759,-0.000244979375141096,-0.000957736229711633,-0.00262696064736032
0.0215851224411154,0.00653904607933622,-0.017712542032151,-0.00404789920666942,0.0101781786772391,-0.00612027271380499,-0.00732015661353962,0.000529389889101333,0.00994782734637983,-0.00224970122148479,-0.00711406701094155,-0.000477136621770811,0.00327289907450328,-0.000225492618779837,-0.000529228834832446,0.00360783613824588,-0.00218699263194665,-0.000255280998388756,-0.00103813710065046,-0.00286098255399757
0.0235903157554134,0.00711320792722068,-0.0193620333685032,-0.00439217479151246,0.0111450926121339,-0.00670223090677732,-0.00800770911073269,0.000580712387490285,0.0108854233405681,-0.00244637675439784,-0.00777360978012806,-0.000517138056851335,0.00360086368106654,-0.000243310378517027,-0.00058200711662352,0.0039298713136293,-0.00240148307030935,-0.000264119606454836,-0.00112391810371362,-0.00311368031769155
0.0257719625561268,0.00773147949174754,-0.0211574757724544,-0.0047606054273662,0.0122011041601967,-0.00733774274965892,-0.00875725314299424,0.00063691436625666,0.0119079717655618,-0.0026579953259333,-0.00849097288797271,-0.000559794042759721,0.00396228533844348,-0.000262172851468422,-0.00064011159503942,0.00427769215760907,-0.0026368959548591,-0.000270937606523376,-0.00121515957229752,-0.00338614028409348
0.0281437456162117,0.0083960539499785,-0.0231103454902612,-0.00515388405322855,0.0133538567540483,-0.008031337342387,-0.00957389149319836,0.000698429609956153,0.0130224827971006,-0.00288526571400098,-0.00927060918893906,-0.00060513508041927,0.00436063378718006,-0.000282084296347438,-0.000704082383379106,0.00465280317691909,-0.00289520524636372,-0.000275062895064763,-0.00131187594368037,-0.00367943661232986
0.0307200692620845,0.0091089975355709,-0.0252327572542409,-0.00557250551158779,0.0146115326039002,-0.00878783591074599,-0.0104630578297958,0.000765721955255659,0.0142364064251307,-0.00312884563707692,-0.0101172033425639,-0.000653155690024497,0.00479973353690547,-0.000303040704062794,-0.000774512634268727,0.0050566886835276,-0.00317854668008156,-0.000275691741963492,-0.00141399904365264,-0.00399461463903791
0.0335160339652467,0.00987219148560239,-0.0275374510039013,-0.00601671275811735,0.015982865995203,-0.00961234910830064,-0.0114305219860341,0.000839285143410367,0.015557631078894,-0.00338932083868302,-0.0110356636897881,-0.000703805109843454,0.00528379524343012,-0.000325029771254219,-0.000852052989359599,0.00549078748240189,-0.00348922349116468,-0.000271870241125092,-0.00152135888913542,-0.0043326716301529
0.0365473964214027,0.010687264834972,-0.0300377676917537,-0.00648643563262251,0.0174771510514381,-0.01051026813102,-0.0124823920588422,0.000919642044818124,0.0169944749035635,-0.00366718093783204,-0.0120311096758792,-0.00075697647565388,0.00581744802937951,-0.000348031481833092,-0.000937416198099526,0.00595646304014884,-0.00382971004927751,-0.000262474501159311,-0.00163366188500711,-0.00469453492832588
0.0398305129728716,0.0115555176738532,-0.032747612482372,-0.00698122203428925,0.0191042424627988,-0.0114872481666175,-0.0136251126859241,0.00100734313043402,0.0185556680762835,-0.00396279190348107,-0.0131088542027343,-0.00081249434306241,0.00640577216451986,-0.000372019511075677,-0.00103138186657117,0.0064549688791339,-0.00420265266159738,-0.000246189854413679,-0.00175046635785996,-0.0050810376287348
0.0433822641989717,0.0124778347322057,-0.0356814036140102,-0.00750016159502721,0.020874547482817,-0.0125491825273176,-0.0148654588129464,0.00110296406983519,0.0202503243781574,-0.0042763650906563,-0.0142743802913561,-0.000870100430199688,0.00705433131814428,-0.000396963700211176,-0.0011348012880692,0.00698740905816271,-0.00461086667403336,-0.000221489487680462,-0.00187115546299189,-0.00549289207741715
0.047219965686356,0.0134545896939087,-0.0388540114431252,-0.0080418051160102,0.0227990208149504,-0.0137021727720184,-0.0162105417629618,0.00120710573159013,0.0220879093518403,-0.00460792567741619,-0.0155333186864192,-0.00092944331669125,0.00776920556477745,-0.000422839848414082,-0.0012486015480933,0.00755469774475349,-0.00505733023985405,-0.000186607778128784,-0.00199491039669086,-0.00593066174799205
0.0513612228797806,0.0144855396146842,-0.0422806509934496,-0.00860406444977394,0.0248890842669474,-0.0149524526597483,-0.0176677278901409,0.00132037739356618,0.0240781507468597,-0.00495726487554037,-0.0168913849477205,-0.000990039195945956,0.00855701141904141,-0.000449613442520049,-0.00137379318559459,0.00815749562736925,-0.00554516593230141,-0.000139538718576724,-0.00212066859450218,-0.00639473180068274
0.0558238225410959,0.0155697136772556,-0.0459768090060111,-0.00918413254028296,0.0271566484661421,-0.0163063594737786,-0.0192447029762273,0.00144340846656042,0.0262310126480694,-0.00532391365204813,-0.0183543723292916,-0.00105128116125072,0.009424936600719,-0.000477277167111127,-0.00151147082339146,0.00879617689173478,-0.00607762717874958,-7.79902543710144e-05,-0.00224710442422695,-0.00688528051479654
0.0606255405858464,0.0167052939712572,-0.0499581002244858,-0.0097783767673307,0.0296140076361015,-0.0177702297527887,-0.020949385644135,0.00157683134486712,0.0285565750017607,-0.00570709112393612,-0.0199280774247369,-0.00111239920315823,0.0103807505900146,-0.000505841872406864,-0.00166282020926695,0.00947076023592261,-0.00665806525614166,6.15824574267346e-07,-0.00237258632223203,-0.00740225124018012
0.0657839499598485,0.0178894937699268,-0.0542401261112442,-0.0103822431585409,0.0322737669814972,-0.019350304527184,-0.0227899004887009,0.00172127667922745,0.0310649282180725,-0.00610566224453361,-0.0216182459988277,-0.00117244089981436,0.0114328151091018,-0.000535353043359634,-0.00182912174782114,0.0101808533392121,-0.00728989198657788,9.91604143509866e-05,-0.00249514486468278,-0.00794532779928236
0.071316196132262,0.0191184353739499,-0.0588383073497627,-0.0109901613938612,0.0351487389329557,-0.0210526096927519,-0.0247745295802407,0.00187736567866787,0.0337660386621691,-0.00651809284515864,-0.0234305054148139,-0.00123024645815364,0.0125900818839862,-0.000565905498941309,-0.00201175418724017,0.0109255941061513,-0.00797653068867071,0.000220834534531635,-0.00261244035856148,-0.00851391474774871
0.0772387459236213,0.0203870317941961,-0.0637676947870137,-0.0115954568383425,0.0382518163560204,-0.0228828162860478,-0.0269116547231419,0.00204570245656337,0.0366695907443635,-0.00694240537607412,-0.0253702891545655,-0.00128442279084289,0.0138620764302595,-0.000597660705369397,-0.0022121976888061,0.0117035938584717,-0.00872135538309165,0.000369140014708765,-0.00272173369201721,-0.00910712479341125
0.0835671112536529,0.0216888771874063,-0.0690427596729049,-0.0121902744540661,0.0415958214820253,-0.0248460810304433,-0.0292096901130836,0.00222686711431963,0.0397848052268532,-0.00737613690935471,-0.0274427538407277,-0.00133331725168519,0.0152588647919036,-0.000630866530569335,-0.0024320360806851,0.0125128852469815,-0.00952761756026572,0.000547881863438383,-0.00281986248964648,-0.00972377577345062
0.0903155505309645,0.0230161517462852,-0.0746771648551627,-0.0127655201407802,0.0451933300117486,-0.0269468687105287,-0.0316770052082501,0.00242141044885541,0.0431202343042817,-0.00781630125563179,-0.0296526894784371,-0.00137499186673884,0.0167910000655134,-0.000665879029503365,-0.00267295804792329,0.0133508781868063,-0.0103983602665788,0.000761150765805074,-0.00290322494557108,-0.0103623996527882
0.097496751668101,0.0243595474180204,-0.0806835194748953,-0.013310825625511,0.0490564707532056,-0.0291887594002369,-0.0343218378258607,0.00262985134108517,0.0466835351986829,-0.00825935732767851,-0.0320044239855983,-0.00140719914503776,0.0184694456053397,-0.000703185562493191,-0.00293675694987686,0.0142143275999764,-0.0113363198645338,0.0010132942624959,-0.00296777398479889,-0.0110212658905499
0.105121502051065,0.0257082213044567,-0.0870731206500197,-0.0138145433853492,0.0531967022810546,-0.0315742452827669,-0.0371521976868918,0.00285267799910674,0.0504812254260223,-0.00870118614014799,-0.0345017234705552,-0.00142736082805069,0.0203054720764979,-0.000743428222236565,-0.00322532888716428,0.0150993171210742,-0.0123438165707378,0.00130887538015941,-0.0030090245920117,-0.0116984211724971
0.113198352165192,0.0270497837969059,-0.0938556865881474,-0.014263778158043,0.057624569423234,-0.0341045236825873,-0.0401757608465212,0.00309035425186688,0.0545184245042557,-0.00913707904553233,-0.0371476901343702,-0.00143255123226031,0.0223105260512689,-0.000787426199431559,-0.00354066856899814,0.0160012631130182,-0.0134226357572088,0.00165261782083695,-0.00302207720106047,-0.012391746879213
0.121733280905746,0.0283703283314267,-0.101039086483397,-0.014644461283314,0.0623494438414924,-0.0367792948577907,-0.0433997556521193,0.00334333197349752,0.0587985886128593,-0.00956173994509269,-0.039944660105788,-0.00141948713916659,0.0244960686647727,-0.000836195381612515,-0.003884862469022,0.0169149432696065,-0.0145739029823327,0.00204933728081638,-0.00300165990920592,-0.0130990347224118
0.130729371792576,0.0296545090360347,-0.108629073358881,-0.0149414733414358,0.0673792544977612,-0.0395965749001383,-0.0468308410512952,0.0036120704246462,0.0633232464769897,-0.00996930424696545,-0.0428941039358812,-0.00138452646692621,0.0268733839826134,-0.000890963194657607,-0.00426007871808213,0.0178345536632448,-0.0157979567445975,0.00250385904985783,-0.00294219191945919,-0.013818079732412
0.140186534677527,0.0308856701966089,-0.116629048810728,-0.0151388247637544,0.0727202575550565,-0.0425525500958986,-0.0504750257352275,0.00389707008027734,0.0680917731154277,-0.0103533841135439,-0.0459965516205501,-0.00132369373528216,0.0294533662881644,-0.000953190560518724,-0.00466855559945619,0.0187538078580462,-0.0170942282287371,0.0030209372569762,-0.00283787729481518,-0.0145467869335711
0.150101147609881,0.0320460379126141,-0.125039743898874,-0.0152198659649919,0.0783766189732983,-0.0456414040264855,-0.0543373642063278,0.00419887975055622,0.0731010641263792,-0.0107071039024621,-0.049251441101536,-0.00123264762576993,0.0322462443652263,-0.00102451968074583,-0.00511257515750336,0.0196660207054913,-0.0184611101589815,0.00360509608884103,-0.00268278904910789,-0.0152832951573252
0.160465948648943,0.0331169590136699,-0.133859110458948,-0.0151675988862926,0.0843503698859927,-0.0488553211750316,-0.0584220519288928,0.00451817142711523,0.0783454702995913,-0.0110232178617478,-0.0526571381734554,-0.00110679852346873,0.0352613515611515,-0.0011068320858499,-0.00559445110030898,0.0205643148638461,-0.0198958768655708,0.00426058604316865,-0.00247103884001077,-0.0160260944249507
0.171269787752242,0.0340792062297864,-0.143082070282689,-0.0149649962797364,0.0906410539755006,-0.052184437855339,-0.0627321404722358,0.00485575980637736,0.0838165688383717,-0.0112941975288395,-0.056210824484231,-0.000941319399876764,0.0385068183819799,-0.00120217974235222,-0.00611649462954778,0.0214417739764905,-0.0213945928156324,0.00499121842734197,-0.00219691008700801,-0.0167741518735775
0.182497532604586,0.0349133307204299,-0.152700383237728,-0.0145953867160301,0.0972455668176125,-0.0556169210085166,-0.0672694282841016,0.00521264889906998,0.0895030924564674,-0.0115123694385422,-0.0599084745822234,-0.000731236043541587,0.0419892880432789,-0.00131275623233739,-0.00668098336174772,0.022291660412044,-0.0229520658647002,0.00580025244644179,-0.00185503628721191,-0.0175270215304431
0.194130028482907,0.0356000598070676,-0.162702543171091,-0.014042870933463,0.104158010356695,-0.0591391152634297,-0.072034318148528,0.00559006859531725,0.0953909093416652,-0.0116700708946781,-0.0637448420005001,-0.000471527196440385,0.0457136304370459,-0.0014408438771336,-0.00729012430421745,0.0231076426055339,-0.0245618328301871,0.00669027440018413,-0.00144058656371222,-0.0182849346253113
0.206144135250022,0.0361207282166456,-0.173073721135614,-0.0132927601300331,0.111369599793795,-0.0627357695878333,-0.0770256769642595,0.00598950128717655,0.101463080736172,-0.0117598255123396,-0.0677134694293717,-0.000157245273708109,0.0496826713702841,-0.00158874810872588,-0.00794601289088326,0.0238840284239602,-0.0262161856556891,0.00766308407414098,-0.000949456327098357,-0.0190488602052179
0.218512844763585,0.036457729133896,-0.183795758745004,-0.0123320198849624,0.118868628469838,-0.0663903389202164,-0.0822407005718527,0.00641269320024503,0.107700000967313,-0.0117745335657083,-0.0718067238319249,0.000216344458259021,0.0538969489170472,-0.0017587214032882,-0.00865058878837352,0.0246159911376944,-0.0279062418739746,0.00871959323484728,-0.000378454189218066,-0.0198205278509698
0.231205407939929,0.0365949550528502,-0.194847174961535,-0.0111496995238539,0.12664052941699,-0.0700853323492949,-0.0876748233462694,0.00686167450376342,0.114079618478496,-0.0117076686659583,-0.0760158626962085,0.000653593583228891,0.0583545096609256,-0.00195289171571058,-0.00940559913042895,0.0252997805191671,-0.0296220601319433,0.00985974659683661,0.000274521361526003,-0.0206024078375335
0.244188037114377,0.0365183098262096,-0.206203538088833,-0.00973735386991191,0.134667904786021,-0.0738028602686797,-0.0933215547047223,0.00733859967971635,0.1205778355394,-0.0115535022824152,-0.0803311435194129,0.00115836270788631,0.0630507819707029,-0.00217314322516747,-0.010212515022353,0.0259328826516857,-0.0313528200615864,0.0110824641110059,0.00101033204784399,-0.021397637988215
0.257423301148506,0.0362159749326522,-0.217836945542117,-0.00808931831700402,0.142930611160452,-0.0775247504401207,-0.0991722947177996,0.00784591319084705,0.127168570533815,-0.0113072146289388,-0.0847417882299748,0.00173379401104794,0.0679783724596925,-0.00242106553372893,-0.0110725327945146,0.0265141006581382,-0.033086969119305,0.0123855416012155,0.00182851513662257,-0.022209914411881
0.270871571437247,0.035678912423957,-0.229716980467672,-0.00620307285633511,0.151406159841605,-0.0812333691148334,-0.105216507697635,0.00838606013766658,0.13382460306432,-0.010965163410927,-0.0892363085784907,0.0023821837618286,0.0731271765157106,-0.00269787784801292,-0.0119864889372797,0.0270436754598036,-0.0348125334558661,0.0137657421531134,0.00272716050053452,-0.0230433284511553
0.284490935826956,0.0349010874902141,-0.241810536914164,-0.00407937849779347,0.160069802804376,-0.0849118383363672,-0.111441500460795,0.00896146863182052,0.140517809331133,-0.0105249674977151,-0.0938025057378252,0.00310484669862428,0.0784843254608254,-0.0030043563176537,-0.0129548213913211,0.0275232163378751,-0.0365173408738342,0.0152187473034896,0.00370292565326609,-0.0239021749696618
0.298237817601878,0.0338796983355894,-0.254082195438446,-0.00172238076408294,0.168894856078641,-0.088544460343324,-0.117832471295067,0.00957440414494375,0.147219722577399,-0.00998562531301584,-0.0984276377541402,0.00390200312985686,0.0840343089195471,-0.00334079517850096,-0.0139775186994163,0.0279556219709836,-0.0381893118699174,0.0167392220879069,0.00475106146852425,-0.024790734423611
0.31206761838749,0.0326153051667951,-0.266494703489218,0.000860386137661141,0.177853178901361,-0.0921170966411931,-0.124372737924587,0.0102268557583906,0.153902172236343,-0.00934759851400634,-0.103098647672183,0.00477267823665152,0.0897592062162185,-0.00370700459477283,-0.0150540961822444,0.0283449638001337,-0.0398167664996365,0.0183209324976001,0.00586548092210191,-0.0257130568945729
0.325934873455211,0.0311118553082707,-0.279008820870644,0.00365816881143949,0.18691492521433,-0.0956171792851727,-0.131043213815744,0.0109203062618313,0.160537342247621,-0.00861275676534316,-0.10780199086012,0.00571476399791796,0.0956387024518475,-0.00410223356091357,-0.0161834680245589,0.0286961238589687,-0.0413886276815664,0.0199567093518244,0.00703897418552937,-0.0266726958268347
0.339794295216262,0.0293766310164397,-0.291584392957882,0.00665713083400726,0.196049651878528,-0.0990341475193664,-0.137823381587828,0.0116557175016159,0.167098811129327,-0.00778444504733673,-0.112524168525115,0.00672490416385171,0.10165064867576,-0.00452528955195488,-0.0173640151438421,0.0290147307832262,-0.0428947733433726,0.0216387600665067,0.00826329713445249,-0.0276725520022461
0.353600992893892,0.0274200879588964,-0.304180370489451,0.00984069722815517,0.205226205265385,-0.102359325081216,-0.144691002603867,0.0124333460720245,0.173561617650211,-0.00686735103560218,-0.117251603163128,0.00779863051125098,0.107771222403343,-0.00497451292026647,-0.018593487694746,0.0293067618162447,-0.0443262018724532,0.0233586999588559,0.00952945368919426,-0.0287146642857695
0.367311201311267,0.0252556132878737,-0.316755576163908,0.0131899076880108,0.214413387150316,-0.105586012840608,-0.151622712772349,0.0132527060758253,0.179902857148262,-0.00586742429618982,-0.121970921838363,0.00893042423706547,0.113975421688033,-0.0054478613793286,-0.0198690326541888,0.0295783346420642,-0.0456752553334306,0.0251077807655763,0.0108279091873512,-0.0298001019612542
0.380882173572452,0.0228992191711132,-0.329268375887785,0.0166838710806374,0.223579551017149,-0.108709084683452,-0.158593528722532,0.0141124039922287,0.186101367834696,-0.00479165622450681,-0.126668639047799,0.0101139294335328,0.120237121512107,-0.00594290167850521,-0.0211870668828542,0.0298352647442825,-0.0469356568413156,0.0268768896421592,0.0121489151612023,-0.0309287907195739
0.39427334205396,0.0203691588960884,-0.3416781821981,0.020300184732454,0.232693924270213,-0.111725214704773,-0.16557823845831,0.015010275202719,0.192138707130205,-0.00364800374633759,-0.131331794890253,0.0113420115950076,0.12652990176839,-0.00645697069059207,-0.0225434448096306,0.0300830619183821,-0.0481027227782029,0.0286569314082572,0.0134826689100054,-0.0320995772059357
0.407446048109818,0.0176854717080254,-0.353945250289394,0.0240154540747003,0.241726395086438,-0.114632409858537,-0.172551218904702,0.0159433823239811,0.197998807729046,-0.00244514180664689,-0.135947725746943,0.0126069916467613,0.132827200338724,-0.00698719631326683,-0.0239334251370071,0.0303266090122254,-0.0491733161688208,0.030438877182244,0.0148195977832142,-0.0333101819656405
0.420365185240488,0.0148697112858717,-0.366031876683314,0.0278057054620172,0.250647965051202,-0.117430080054152,-0.179486842670184,0.016907824235919,0.203668351748156,-0.00119227509882439,-0.140504300933746,0.013900872515061,0.139102867301814,-0.00753055455668092,-0.0253516433845992,0.0305700700040403,-0.0501458875025055,0.0322139040920905,0.0161505933628466,-0.0345572797469349
0.432996610304238,0.0119441512220539,-0.377901051308563,0.0316469550841601,0.259430539451452,-0.120118121953823,-0.186359581429545,0.0178993013784029,0.209135922350466,0.000101094475656023,-0.144989553295393,0.0152154536964273,0.145331091090921,-0.00808394550842221,-0.0267923011311385,0.0308166741441881,-0.0510202678225992,0.033973514103191,0.0174671476718708,-0.0358365094373298
0.445310333495058,0.00893160439040548,-0.389519029563738,0.0355155540134265,0.268048131049162,-0.122697512527104,-0.193145141914498,0.0189128811610782,0.214393065111182,0.0014253040638336,-0.149392431791486,0.0165425514155737,0.151487393177957,-0.00864427567223399,-0.0282492377478635,0.0310689076891947,-0.0517977565313353,0.0357097753634648,0.0187615021327116,-0.0371427535348854
0.45728020596525,0.00585500950595537,-0.400854958930793,0.0393885690444503,0.276476523363316,-0.125169843120788,-0.199820176593441,0.0199430520703219,0.219433672577708,0.00277076982869515,-0.15370253490592,0.0178741902587061,0.157548653889999,-0.00920847159603336,-0.0297159322535325,0.0313284060317095,-0.0524809094232512,0.0374152885069072,0.0200267907537082,-0.0384702193992905
0.468881485562121,0.00273673746237834,-0.411879738051781,0.0432441999568214,0.284693108387882,-0.12753663125814,-0.206362475226296,0.020984288186766,0.224253204626214,0.00412813687761879,-0.157909837427132,0.0192026751598656,0.163493003520508,-0.00977353532373505,-0.0311857460156123,0.0315959094390511,-0.0530732729728533,0.0390832989346193,0.0212570350540723,-0.0398125225779377
0.480094172703515,-0.000401492533073998,-0.422568471977153,0.0470620066410435,0.292677981908308,-0.129799967196291,-0.212751903640667,0.0220308022908019,0.228849605983741,0.00548842316107415,-0.162005434004848,0.0205207710222887,0.169300737850631,-0.0103366053591365,-0.0326520003038858,0.0318715597719116,-0.0535793910560476,0.0407078291268041,0.0224472198869578,-0.0411630425501367
0.490901544523799,-0.00353910203804272,-0.432899728062223,0.0508231997374661,0.300413760671129,-0.131962072904302,-0.218970432845656,0.0230769036066769,0.233222666748155,0.00684315719203778,-0.165981349550351,0.0218217759440564,0.174954243787159,-0.0108949851369381,-0.0341081541140053,0.0321549192308221,-0.0540045434450599,0.042283708197129,0.0235932670545119,-0.042515044799658
0.501289474208664,-0.00665675746249896,-0.442854537354529,0.054510680224089,0.307884745759909,-0.134024905995226,-0.225001304345832,0.0241169238484277,0.237373133409457,0.00818448741528739,-0.169830057300761,0.0230995920302391,0.180437595054302,-0.0114461111424011,-0.0355477186625158,0.0324449135129051,-0.0543544767974706,0.0438063967544666,0.0246920166644936,-0.0438616679440468
0.511247816259289,-0.00973677017414297,-0.452418381951841,0.0581093378477333,0.315078490429462,-0.1359907156109,-0.230830726140354,0.025145568537805,0.241303693083899,0.0095052488089445,-0.17354542041547,0.0243487768769833,0.185737510174651,-0.0119876654554784,-0.0369646615699361,0.0327402313705661,-0.0546353855951427,0.0452722870734728,0.0257411564433823,-0.0451963654904967
0.520769191681749,-0.0127631976349944,-0.461579961743137,0.0616060413931215,0.32198495566704,-0.137861649039609,-0.236447085726076,0.0261579384845566,0.24501807829931,0.0107990241165699,-0.177122209783584,0.02556456639311,0.190842868469394,-0.0125175435739844,-0.038353367980241,0.0330392678375481,-0.0548536471259961,0.046678538776618,0.026739155595774,-0.04651287539663
0.529850613800311,-0.0157217454016738,-0.470331965032114,0.0649895970542331,0.328596705708787,-0.139640021016339,-0.241840968726527,0.027149329265466,0.248521226423469,0.012060217730423,-0.180556332196684,0.0267429189105926,0.19574493772942,-0.0130338647943,-0.0397086191628747,0.0333402957355357,-0.0550157364046522,0.0480229901289594,0.0276852395892729,-0.0478054020688313
0.538489627209923,-0.0186001725325634,-0.478668989418788,0.0682507975415508,0.334908225364035,-0.141327724067351,-0.247004946802732,0.0281158065377967,0.251818317601694,0.0132839743136945,-0.183844326511687,0.0278804211734765,0.200436717177885,-0.0135349741715337,-0.0410258192706459,0.0336413930984668,-0.0551279583162674,0.0493042057733032,0.0285791899768907,-0.0490685195725637
0.546688373611746,-0.0213880354924489,-0.486590029012855,0.0713823789987238,0.340916981534761,-0.142927062961718,-0.251934255808207,0.0290538100217009,0.254915837479681,0.0144662787717158,-0.186984197669137,0.0289743700828922,0.204913787284993,-0.0140194832852,-0.0423009865611137,0.0339407814195689,-0.0551965212479384,0.0505214442020949,0.0294213800543825,-0.0502975401255811
0.554450782446328,-0.0240768123717959,-0.494096601059374,0.0743789205046636,0.346622544513996,-0.144440273794891,-0.256626193953448,0.0299604226398396,0.257820676216555,0.0156038737976275,-0.18997486337137,0.0300226841632269,0.209173602158302,-0.0144862439221037,-0.0435308031107475,0.0342367208994331,-0.0552273282898256,0.0516745840516946,0.0302126210600012,-0.0514883672513126
0.561783783898721,-0.0266595851641483,-0.501192923098815,0.0772366150487741,0.352026354250904,-0.145869670304015,-0.261079673404893,0.0308330617979374,0.260540096325759,0.0166942622307656,-0.19281613711769,0.0310238854224818,0.213215400326883,-0.0149343247592929,-0.044712458175585,0.0345275769883509,-0.0552259466355266,0.0527639369542499,0.0309541316634755,-0.0526375260558427
0.568696493402832,-0.0291312861166718,-0.507886127434284,0.0799533590441583,0.357132240320552,-0.14721779603992,-0.265295988762875,0.0316698416511527,0.263082014790102,0.0177356549715424,-0.1955090424113,0.0319770647659732,0.217040402593459,-0.0153630564089736,-0.0458439163521454,0.0348119502139935,-0.0551975692135898,0.0537904121433981,0.0316474344888156,-0.0537423063280217
0.57519792069408,-0.0314883664225436,-0.514183914291751,0.0825283467559527,0.361944818714732,-0.148486859671836,-0.269277286681773,0.0324694139024123,0.265453829307764,0.0187268304497272,-0.198054871760568,0.0328817519305175,0.220650689508233,-0.015771941380887,-0.046923644919822,0.0350884442368696,-0.0551468710127017,0.0547552354837735,0.0322942345498543,-0.0548003976354421
0.581300686003225,-0.0337287092353087,-0.5200972953071,0.0849621473791937,0.366471012296976,-0.149679588774065,-0.273027813080748,0.0332308194813585,0.267663778435638,0.0196672270230659,-0.200456249593681,0.0337379898676665,0.224050286756582,-0.016160722928998,-0.0479507466920222,0.0353560193390332,-0.0550781663155438,0.0556600415626344,0.0328964773377825,-0.055810322619792
0.587018090818981,-0.0358514932498567,-0.525638349341585,0.0872564197645848,0.370718772299979,-0.150798679274799,-0.276552869497798,0.0339535659588135,0.269719941725208,0.0205567812548547,-0.202716334331379,0.0345462001720202,0.227244183012382,-0.016529319433481,-0.0489248356738155,0.0356137801260543,-0.0549952896567297,0.0565067317102294,0.0334562152470849,-0.0567711098869285
