x1,x2,x3,time,event
-0.7901524999630146,-2.0346254818318728,0.6033017469247647,0.4,1
0.7442945298799118,-0.30968679986627135,0.36732137294554024,0.7,1
1.7103942914776449,1.0607978400658138,0.7076390208060754,0.1,0
0.687749388505445,-0.8635674537523599,0.9640167316735617,0.1,1
-1.6484628156748702,-0.3320918127686623,-0.4372938409341125,0.6,0
-1.7285187058460105,-0.11033888700145329,1.6434550766344018,0.2,1
-0.3401273376251148,-1.2076033402593367,-0.09105371850643591,0.5,0
0.8539243165009879,0.19321811565038277,-0.0026657164631725457,0.6,1
-1.4092222584076113,0.5010157424554261,0.4857310867836978,0.3,1
1.3412662057172517,1.489053273620953,0.6885829801010488,0.3,1
-1.6424168811861135,-1.4353935022152693,-1.0979784550410603,1.0,0
0.2949249577826172,-0.7872461020555568,1.3095376610763625,0.7,1
0.24385526074207703,0.3647673957005642,0.7505081047151582,0.3,1
0.3402479014279051,-1.410567008519284,2.4519291799137406,0.1,1
1.4629889056618062,1.5231286713207461,-0.747482633005506,0.3,0
-1.8474977757527729,-1.5066347122204127,-1.0534632139707452,3.4,0
0.8821394661683425,0.9003194108080018,1.458392914492266,0.8,0
2.1424499559696035,0.520907608641395,0.35456182486107,0.1,1
-0.3630023322412846,-0.3364626948247302,-1.1577837086639562,0.3,1
0.5108001267806528,0.31817103995393936,-0.40519828505149047,0.2,1
-0.8105855180514764,0.4569514283527267,1.3061600648002516,0.1,0
0.08149811962435799,0.283769043991715,-0.5481664388036902,1.5,1
-0.24852584993024826,-0.316502228872869,-0.28507864375164177,0.1,0
-0.5972447789424902,0.39638337815465297,1.299729294584818,0.3,1
-0.9471755173776237,1.399206733762922,-0.4030024427643251,1.8,0
-0.3670887832022261,-2.156465891031795,-2.4214757028147136,1.0,0
0.7355030418952013,-1.0910834111861687,0.8053083193545435,0.1,1
0.0506258749302553,0.25047314441891266,1.3333047650292276,0.5,1
-0.07235507810650275,-3.266109626900781,-1.7386253816354431,0.2,1
0.9726320393610063,1.9966802757394717,-0.0959510712489476,0.9,0
-0.7021989961574707,-1.3922152843740014,0.5460539227830125,0.4,1
-1.7978869910322424,-1.2458110970488758,0.13593303415097105,0.4,0
0.10193435827415738,-0.25881429911438986,1.0633871991386725,0.4,0
-1.2434108483131787,-1.1908289680185653,-0.41835826023423806,0.9,1
0.06514130541235665,-0.33776597932135133,1.9926934632930988,0.1,0
-0.6038749284696677,0.6353444026481467,-0.5863985454843593,0.5,1
0.32070076181766505,-0.44288987320589074,-0.3930264282023863,0.1,1
1.6236606471244344,-0.3370287449509327,1.717137602600714,0.3,1
-0.7395275859374345,-0.4687958310565263,1.1094437944687192,0.1,1
-2.4796627301290615,-1.6738548611248323,0.017970567538416533,0.3,1
0.4769025612341218,0.572874447652,-0.32603171327496583,1.1,0
-1.445288051330184,0.8344402255183119,0.4463434239168314,0.2,0
-1.1413536375669875,0.086159770010023,1.8212474936650729,0.7,0
0.12384311381992381,-1.203055835479905,-0.43304451513991543,0.1,1
-0.3743856973572253,0.343774784536143,0.9137045525953229,0.3,0
-0.9501811147875836,-0.6631195503480085,1.0307128408667245,0.3,0
0.7474182359227032,1.372842472022908,-1.4860474697238528,0.1,0
-0.9748646700352468,1.017571266997083,-0.9689534065304122,1.1,0
0.3260295795020977,-0.05872880157435437,-0.7625406017296437,0.2,0
1.4869346517308482,-0.01846397125559416,-0.5193776111239747,0.4,0
-0.16606181150340987,0.2486835634516813,-1.6059970548987101,0.2,0
-0.8824423176436275,-1.306421561011806,-2.1444014751213403,0.2,0
0.9906379104868016,1.4555468413376667,1.206301853624445,0.1,1
-1.8054627804204249,0.40205037746269695,0.6874603149381401,0.5,0
-0.5840430018544682,0.8271788028933632,-1.13951934123539,0.7,0
-1.0970877955992548,-0.85186538118955,-0.7380017715397352,0.1,0
-1.0297810758013295,0.9723243298438183,-1.0926869926305636,0.8,0
-0.47720456423926405,-0.6522787242637652,2.229534055292334,0.2,1
-0.9170499281446733,0.4740528404933058,1.8401368790608272,0.2,1
-1.2059589569755316,-0.8481647026727926,-0.3396567977441291,0.4,0
-1.347158647335725,1.2365289078642858,-0.48556896041500197,1.2,1
1.0603375635859267,0.5343854064888905,0.01762393500977733,0.7,1
0.9645665423111738,-0.30992197991812565,1.0610695937668226,0.4,1
-1.327981578122005,-0.7545111796812694,1.2139317951034936,0.9,0
-2.115674403792649,0.47631853384720746,-0.4167015570878098,0.2,0
-0.5524153008198199,-0.704992959859966,1.2907609274358105,0.2,1
-1.53790096641381,0.8351830044981331,0.47715353484453255,0.6,1
-0.42976071690263423,-0.08873681259349563,0.7069849072540032,0.3,0
-0.5978325035881158,-1.5216379696484426,0.2820181948983559,0.8,1
-0.8466737927045382,-0.41307974188931745,0.052500918683702914,0.1,1
0.7372576185846613,1.8166662662352746,0.3425548443008916,0.1,0
0.11512485888677462,0.8195065355669848,0.2857616675517918,0.1,1
-1.6911870684214059,-0.6028398685580639,-1.2396781596297055,0.6,1
0.6966144013407269,1.273376495479946,0.3562085674218433,0.3,1
-1.0315389287938335,0.8011626504321825,-0.9635564556977543,0.2,1
0.25332829543805635,-1.1998636646360687,-1.387117855692386,0.3,0
-1.4044433371205838,0.017281189226604748,-0.6618494748148305,0.4,1
0.4364287775381311,-1.2993407460789876,0.4902551811040163,0.2,1
-0.6192310251064989,1.2525855584216463,1.0197375299280158,0.3,1
-0.21625822875989165,0.10828074864108106,0.24359953875065973,2.2,1
0.4637568545667715,-0.2742268865909811,1.095647855704023,0.1,1
-0.5084494248243437,-1.925134831754206,0.2463602052071289,0.1,1
-0.1083916331526644,0.8324189998126181,0.5959964367140927,0.7,0
0.12948589152871934,0.10728639312158916,0.1267161833070499,1.4,1
-0.6592717798877564,-1.217442086883172,-0.8209204641194146,0.3,1
-0.09132381544829293,-2.265362499238605,-0.43572113149508396,0.2,1
-0.9819438560963549,-0.08817387560086946,-0.8134439107624751,2.4,0
0.062289939653688974,-0.22815505708156877,1.2960766664647623,0.2,0
-0.3432452827822298,-0.2435304058786614,0.025746167320006196,1.0,1
-1.8178855444046158,-1.0721804757233129,1.4362382563890916,1.0,0
0.5164966568607166,0.08427974635315506,1.081539182121713,0.4,0
-0.18024403472927691,-0.24915198484000245,-0.3026655823971458,0.2,1
-1.7759262400550233,0.9390840033727519,-0.1891779538732973,0.8,0
-0.09410845642038006,-0.3342259212106848,-0.6349649103807634,0.1,0
-2.259101650388679,0.15113455564731318,2.1810168127442684,1.3,0
0.9881647906374782,-0.28816837880616497,-0.9246934116752795,0.5,1
0.02568686772974804,0.37089990538026363,-0.12032195102693634,0.4,0
0.8340533164096553,-0.9531520432963024,1.067676535237283,1.0,1
0.1551268513601096,-0.5491784915580957,-0.28366471374671204,0.1,0
0.34733948323304564,0.7622990882029884,0.07244334390410466,0.1,1
0.581881236606464,2.4035252331758423,-1.6389014461790608,0.7,1
-2.005357141833165,0.08873729362989101,-0.9677575238123602,1.5,0
0.11302629762781129,-1.610415836952977,0.13291960020762061,0.2,0
1.3108678990299483,1.1084766749832877,-1.0980002376446534,0.5,1
-0.30954742329323626,0.8851676162962246,1.8245413354323798,0.2,1
-0.953108464452383,-0.8540527628140865,1.117638993472541,0.2,0
-0.3592254002264668,-1.026728648812657,1.051168587750418,0.1,0
-1.6800395501971335,-0.6839592737504139,0.9663374907996438,0.2,1
-0.6283278119167236,0.7637352645825549,-1.2266616471466427,2.4,0
0.7753652935537617,0.4721037267925331,1.6206709526996068,0.1,1
-0.24588160878037005,-0.3526482928350604,-0.09582564209928604,0.1,1
1.0475643737320228,-0.7426763975219056,-0.14212965964341923,0.1,1
1.9496413006845057,0.780274587830179,0.724282774988355,0.1,1
-0.5210919451022279,0.861045354412532,-1.1646582129167116,0.6,0
-1.491955931955876,-0.9423917184011749,1.417731526575838,0.7,1
0.16728023222938587,-0.9340662988133108,-0.3581831329715172,0.5,1
0.4507769020881457,1.1815528854286779,-1.6334370056269858,0.1,0
1.3369807892725054,0.9313614951560026,-0.69761457184334,1.4,0
-0.39933666415062774,0.4905327418211018,-0.28654872144493027,0.7,1
0.13744715918751418,-1.06010682947997,-1.82278451666064,1.5,0
2.428744333613311,0.1706196396391261,0.22445249302925474,0.1,1
0.5088024551540749,1.3354791249353228,0.9289298272199955,0.1,1
-1.0284074314897165,-0.11301177520654439,0.0692204939785438,0.1,1
0.7617778757672707,-0.60038716624877,0.38135568774772305,0.1,1
0.2251456365187853,1.3794692269180093,-2.608923080511964,0.2,0
0.07958720118206293,0.33918958410649613,0.6745677948583606,0.9,1
-0.008589998308909311,-0.828607667554362,0.6693464436717574,0.4,1
0.3687277968020175,-0.8410725068583385,-1.3611308537208704,0.4,1
0.5577829135500068,-0.8673490897321048,0.649876202153404,0.4,1
1.515821925919322,0.20607751023623377,0.22875730323596813,0.1,0
0.1253690209133401,1.3859616460455224,1.402907166889662,0.5,0
0.08429252508822052,0.7424224733286612,0.04495397629099671,0.7,0
-0.4969641091500234,0.7681757445823609,-0.08876089329125689,0.5,0
-0.8499611870708357,-1.4980261031057172,0.9921098287579997,0.2,1
-0.9638934339861698,-1.11055693406487,-0.26357343142418904,1.0,0
0.7394506958367333,-1.7273489070407204,0.636767305676019,0.2,1
0.3916389734113793,-1.215896405816504,-1.1392024315686171,0.8,1
-0.17445900076929863,1.933888418485978,-0.2507758941199772,0.2,0
1.0860580288308703,0.9437640130617088,-1.5873130330676153,0.1,0
-0.001311093589973097,0.9870619680138928,-0.49700155121048384,0.2,1
1.2220068627627312,-1.0774599792778565,-1.4691616109904833,0.1,0
-0.43825981184988844,0.6587869330942971,-0.383440081392198,0.1,0
0.9248398958217083,-1.5411316885779656,-0.5778769476944127,0.1,1
1.3724476735121567,-2.451351891695504,0.3139447227264329,0.1,1
-0.885021764537296,-0.7395782436485168,-0.3225267794494191,0.5,1
-1.4650832008497676,0.9322273398201422,0.5878078994009646,0.3,0
1.224675841468059,0.16888931929357717,-0.9399270362889239,0.1,1
0.6531031381477597,-1.3344640299804313,-0.9125183393621895,0.2,1
2.1047011029094347,1.081943054043034,0.44907878170267035,0.1,1
1.49012417850941,-0.2834440765476289,0.5949131929253515,0.6,1
-0.8060111831777663,-0.3254809649288412,0.09697815356055085,1.3,0
1.5057580670541122,-0.6883722784335071,1.0685592315285264,0.6,1
0.0010388190954668426,-1.7518136572536742,-1.9235370820373365,1.6,1
-0.6877696168256131,1.08647754175026,0.2696021239509611,0.6,0
1.8341995883103839,0.19321205292168697,1.4331490589559832,0.1,0
0.2631466846954471,-0.9026414048545877,0.7289311109483808,0.1,0
-0.7342923354330868,-1.4040005426099034,-0.7418100254717992,0.1,1
-0.37861466891277584,0.2633756598054674,0.8678139843785578,0.2,0
0.6248272686572878,2.1124793774460175,-1.9515053012950898,1.8,1
-0.16611838649102464,2.611919428238664,-0.29741602340069484,0.5,1
-1.246584716818361,-0.7405802276328374,-0.9562629526994022,0.1,0
-0.4770987886575251,1.7562898278165964,-1.3839209371809644,1.4,0
-0.6784890449012138,1.444263640526107,0.3188701057101526,0.7,0
0.35221551120499567,-0.35707879101638074,0.9680065475187086,0.1,0
-1.0004121610494583,0.9836762766197465,0.14593777506761138,0.6,1
-0.16587700050481594,-0.5145830497735288,0.9782739508860796,0.7,0
0.363170310032022,-0.3695617746903981,0.14357897830108546,0.3,0
-1.0291066883656443,1.310365777669519,1.4145233403088453,1.4,0
1.1664057348518007,0.31940338384482025,0.542698265689465,0.1,1
-1.334106632393301,-0.3374048388644553,-0.21324920025013383,1.0,0
-0.10066585212171131,0.6664532326525457,-0.4082799348838984,0.1,0
-0.7076089725293454,1.2398309481234144,-0.27975333091565846,0.3,0
-0.6121475304025574,-1.9901064057373437,-1.3378245560530488,0.4,0
-0.201768476784762,0.30071831773150054,-1.759220215420333,0.6,1
0.008206155301989116,0.35310135520014874,-0.4825124121299316,0.6,1
0.07853536239816905,1.4327949189741593,-0.729076841680948,1.5,0
-1.6770324117829989,-0.3601354038053574,-0.8651495220325548,0.1,0
-0.03114390219155776,0.7150763944950738,0.907801654648831,0.7,0
0.33901070623659724,1.4203742388250424,0.3791756180862174,2.2,1
1.044669316803146,0.3676991332883876,0.2914890141655429,0.8,1
-0.4914905727612759,0.017665711357121295,-0.5601653256559004,0.2,0
-0.28215649162570255,0.08711813589038624,1.1693259774191114,0.5,1
-0.24224770070292753,0.6352457659943749,-1.2250160497410236,1.4,0
-0.27444021937760876,1.2890048196770005,0.35948594283291635,0.5,0
-1.8037328936477004,-0.017687634358550794,-0.23352754748443505,0.2,0
-1.1745518066078058,-1.7466938605019717,-0.9401596054001606,1.6,0
-1.056918308674964,0.726288450937221,0.5903231654549369,0.6,1
0.6527576184723423,1.0933585976439497,-2.1675442867733072,3.2,1
-0.2631002295642518,0.3526231852634148,-0.657224796132802,0.1,1
-0.6154098117409773,-0.7868592106171847,0.17956791068881736,0.1,1
-0.045453023975213544,1.2425865612260536,0.40478160253980877,1.2,0
0.22476212747582555,-0.009642415654576561,-0.7727359298104147,0.2,0
0.13657128198860105,0.83709554636765,0.4847428232657184,1.8,0
-1.0508482564468695,-1.4961381484962972,0.7136863926403623,0.1,0
0.20563451440323247,0.30708855202691465,-0.8392301740518983,2.5,0
0.7622486904464449,0.743280894380695,-0.23427304695259232,0.2,0
0.595661023887005,-0.8933847176616482,-0.06275980104856144,0.6,1
-1.9803999341021423,-0.26279364991151416,2.482181156222222,0.4,0
0.7310094706750471,1.7493238568548404,0.6131369704499836,0.7,0
0.27800272968274004,0.26348568505214087,-0.3544322711960452,0.2,0
0.7771219594098613,-0.6832384971477712,0.10008335672828367,0.2,1
3.3199860222432576,0.5585773804622529,-0.4175029566594832,0.3,1
1.124497072324063,0.49303200338565595,-0.20381336607153577,0.8,0
-1.05535451406305,-0.10435874736212016,-0.3829935735544544,2.0,0
0.10923126551650453,0.441597722807281,0.3471620731634566,0.4,0
-0.8812748781325472,0.5774822096003835,0.4645335826314798,0.4,1
-1.4165330235821414,0.37985592265651164,-0.03408244376944963,0.4,0
0.4275869029566395,-1.0517718270746634,-0.2854054766848086,0.8,0
-0.2056579523494422,-1.2076608805227615,0.5426845196074372,0.3,1
-0.27247818866907847,0.4154908681641201,-0.9801777502096872,1.5,0
-1.378672704711875,-1.138233514658727,-2.165511231640437,0.3,0
-0.7548729826433764,0.4187327449214847,1.485328987033515,0.1,1
1.211366109317348,1.3605539300182625,1.3557227598134194,0.1,1
2.2110789797799075,0.24575097507458665,1.0077571595549706,0.1,1
0.7123769871927398,-2.557699067363162,0.21812323391695956,0.1,1
0.11696981671685491,0.44661701252515384,-0.46544251419058774,1.1,1
-0.6940112870771816,-0.4670440479633976,0.7975539909635253,0.1,1
0.522247519574118,1.5592923848522453,-1.2379814150856043,2.6,0
1.1969734834611243,1.9880757199782122,-0.8799929368521008,0.2,0
0.12490651431638715,-1.5854485027273917,-2.8127284585007426,0.4,1
-1.372152421072189,0.049992194247590355,0.22658455164186836,0.7,0
-0.3967594093681666,0.6605110297600963,0.36287054148685,1.8,1
1.9428301395635028,-1.4579449585153812,-0.9118441877718189,0.4,1
-0.6168820796151119,-0.6762224302659762,-0.49855587454229977,0.3,0
2.444993777188245,-0.3811724018740112,0.6649721336074884,0.1,1
-1.4779169943674424,-0.7332864556149762,0.8731578309998789,0.4,1
1.0229756204010838,-1.6766677046893343,2.1692079010389276,0.1,1
0.4360451905535971,-0.8004442131440697,0.48441816591912046,0.1,1
-0.6674310269479777,-1.513929638492891,0.19435227392060975,0.1,0
0.8627679196757694,1.1160395253554318,-1.738367886270254,0.2,0
-0.9962837524471615,-0.206110663379789,1.0972038200041634,0.5,1
1.3623925768381902,-0.4229419944101286,-1.271511132522774,0.4,1
0.5886394903886192,-0.5045789080521605,0.4424720564762413,0.2,1
1.100475940775282,0.6412837010250634,-1.0567552065259755,0.1,1
-1.291916143160173,-1.5750916491925502,0.7805397474556165,1.0,0
1.1865254700271244,-1.0919978780641657,-0.5719219226474537,0.6,1
-1.0030543415827282,-0.16906181583285887,-0.9193568511621116,0.3,0
-0.9236686743302509,1.2884406900814185,0.9343228665452653,2.4,0
-0.0017615516710850945,1.1595374049798584,-0.665395691348345,0.4,0
0.44778610978372807,-1.0290655938200615,-0.8339636688294412,1.1,0
0.9710882678848307,-1.3172742750734379,-0.4947478499711481,0.1,1
-1.290994929613281,-1.3800944088642315,-0.06396402948681035,0.4,0
-0.014970289086290263,-1.671598136228263,2.1737095726047273,0.2,1
1.5018020710283544,-1.053281847450176,0.3250045724582836,0.1,1
0.05433837637850256,-0.7745385970601509,-1.4666939176040679,0.1,1
-0.10148442998870968,-0.30409955014444157,1.1402587159175517,0.1,1
0.0515065868282361,-1.1736831991828494,-0.8337150758577694,0.1,0
-0.13707749242939465,0.9007309106439798,-1.3365718374408018,0.2,0
0.1576127057068582,1.2569447624770147,-1.6213054903772777,0.8,0
1.3789740953614118,-0.6775293488111972,-0.15548698710453288,0.5,1
-0.6534326099516421,0.29132301686053386,0.4305446780001748,0.2,0
0.4648500219415761,2.8394658112414946,-2.679772055965363,2.0,0
-0.6126062587785107,-1.4593804038339617,-0.3025336688252076,1.4,1
-0.8185076803096398,-0.34977300305599685,-0.10601334725471019,0.9,1
-0.6918812834939634,0.895580361840882,-1.6072928256013437,0.1,1
-0.6191133400746087,-0.03862351683491735,1.3623917307180482,1.8,0
-1.4589707153913343,-1.3479933184094142,0.4893780903790084,0.2,1
0.02673107065564045,-1.545845743519472,1.1487847003473322,0.3,1
0.2178662653134222,-0.3910953421895725,-0.39291550640544187,1.4,1
0.058598690440895475,-0.4227167019336182,0.2952779958798171,1.0,1
0.3015002023222768,-1.175514169715369,-1.6564226630846342,0.2,1
1.6068079459740268,-0.5903153735880158,1.7434017497259051,0.1,1
0.11867369731378921,-2.7893161230321573,0.2501806694049709,0.1,1
-0.9311648988613895,-2.3483089597209372,-0.0494318409772297,0.1,1
-1.1905679605522521,-0.26268294279454535,1.1313750312027762,0.2,1
0.7578383940552187,0.00596755032426317,0.033725406942428884,1.4,0
0.035124335738121695,-0.7404919208421785,-1.0995146144026942,0.8,0
-0.5328748799925683,0.07103117303518452,-0.901509124716908,0.4,0
-0.33593832176186755,-0.07241140199885741,-1.0499230245175675,0.5,0
0.9803878412625238,1.2179502181961286,0.09379520691853285,0.2,1
-1.0653334787116733,-2.094045435744438,-2.674659412054691,2.5,1
1.0966260324327233,0.1110628551254524,-0.7092659659771722,0.3,0
-1.629499172141622,-0.2826399822083637,0.8531014123018348,0.3,0
0.21819490766117272,-1.170044388052511,2.9914988667748115,0.2,1
0.4406588925065785,-1.397585736897685,0.2955059908775617,0.1,1
0.3163588321012976,0.6533196387983461,0.28189308672246016,1.0,1
-1.3629366283302227,0.3037613035757893,-0.9157368859942735,1.3,1
0.050807582170453176,-0.13308544517356635,0.6066208102657881,0.3,1
0.15685505447035375,-0.4125448167884421,2.6376433149766845,0.2,1
-0.4152585536821143,-0.442883577629759,0.4001894928477811,0.3,1
0.4327938026949485,0.944104434065314,-1.5511968137467034,0.1,0
-0.6391722186449317,1.0668306819419102,0.21288186844548868,0.6,1
0.23080950096923186,-1.5267317447597881,-1.5408876894620909,0.1,1
-0.9217398453228277,0.15632673943734068,0.7263500465607171,0.7,0
0.8423030218238834,-2.014194017330276,-0.14823536048301045,0.7,1
-0.0017883393172981106,-0.503660956564907,-0.4855421407411082,0.4,1
-1.1784123375883564,-0.4541973600797322,-2.5121751272480997,0.7,1
1.2227425954840934,0.11486607124626881,1.4197003320931767,1.1,1
-0.9279892799266235,-1.8600052121026849,1.7503045063223492,0.3,1
-2.317964737272541,-1.3539233454875794,0.6878566038535378,0.4,0
1.357973771348175,-0.798064330283795,-0.3085152792284648,0.4,1
-0.3603615133288948,0.4582848846333019,-1.000059080069189,1.1,1
0.5311889367247439,0.8290628484272226,-0.187424593533109,1.4,0
0.017641786989004718,2.2814697416326273,0.2432641323485409,0.9,1
-0.49643695020123524,1.0380204274079396,1.17072507303121,0.4,1
-0.7865444011564567,-1.061853873766389,1.4191880240197485,1.2,1
1.1848791839698285,1.2877214895939486,1.6333678958018865,0.1,0
-1.2218267534327272,-1.7149669512500825,0.9784475350264569,0.3,1
0.9195962995966985,0.12419351840322927,0.701203733766224,0.6,1
-0.8149086979100492,-1.0767780247037138,-0.15069830819978608,0.5,1
0.38798588976421905,0.5862287951418214,-0.154382768564678,0.1,1
0.5705214334206822,1.191117667305912,0.4478812109959437,0.3,1
-0.5359401646619337,1.6737959450381206,-1.2231569381994545,0.1,0
0.16587305314589135,1.890340641626049,2.4493129935760725,0.2,1
1.5966063830822235,-0.47011428879628353,-1.8232141708439848,0.2,1
-0.5151595607284855,-0.07800101358346137,0.09667780638582059,0.6,0
-1.0466913295892033,-0.5485601737083057,0.20496458422272887,0.4,0
0.05009127186881426,1.2932407643716444,0.5702457636473155,0.1,0
0.5915041048205403,-0.5480941474465628,0.0725365378987197,0.1,0
-1.965376855120389,-0.4182535317270818,-1.6087867938785787,0.3,0
0.14019380049007685,0.5496751010568173,0.12097652530690417,0.3,1
1.525783405108141,-0.6859881080402839,-0.10157558935700352,0.3,1
-0.5629831067500713,-0.32894193621143064,1.3246833672594094,0.4,1
-1.3944548302844206,1.6567861512836601,1.3637924950849774,0.3,0
0.5898391090770961,-0.3544941244654603,0.23977088035901767,0.3,1
-0.40408931247509133,1.4762288031726662,-1.1361025799717626,4.6,0
-0.9841316413444586,0.035900144602841404,-2.518030195944165,0.8,0
1.4738300594202964,-0.32589906571401656,0.7600648875308669,0.2,1
0.17553889796348618,-1.7751966389445926,0.04201860047917532,0.2,1
0.4212715309997357,-1.1984096458499887,-1.0201688797756847,0.1,1
-1.0648520487940965,0.7778616824506139,-1.2666536245115374,0.7,0
-0.9206336536059261,-0.0917832537700726,0.1146886502590315,0.3,0
-0.6144603201105022,1.5645832193495075,1.6114944812092349,0.5,0
-1.2822772340647441,1.7972688853700407,0.4577755539173778,1.0,0
0.6572163101503536,0.7753994169635571,-1.4019531586468519,1.4,0
-1.2865651243503373,0.4703455679527185,-0.739790181172681,0.3,0
2.7705110554758763,-0.46295555228888996,0.93579583884555,0.1,1
-0.9909484300240273,2.1611033386464342,1.8795485711696613,0.4,0
-1.517177857766981,0.3506611392508298,0.08488228313732678,1.5,0
1.5533003790411883,-2.43635804118564,-0.3413203081870865,0.1,1
0.8683208573169983,-0.39315760613810047,-0.7051968941115019,1.0,1
-1.5491847002803516,0.2886748329941624,-0.29637783115096766,1.4,0
-1.5649028229987958,0.04211225900413169,-0.8206455100650839,0.1,0
0.1807807686951594,0.6375719825554945,1.012195680359281,0.7,1
0.266143779564656,-1.1193854260018392,-0.3105326047503626,0.5,1
-0.470853616395046,0.941622338962412,-0.8090933873897016,0.3,0
1.4510954004552141,-0.12353118608708492,0.5844703557622631,0.1,0
-0.5451433314962733,1.1559252151674777,-0.6882919593044958,0.1,0
1.5769312024626578,0.3458891913670446,0.717544836593895,0.2,1
0.49796562692126867,-0.8957723142534332,1.3416735164880134,0.1,0
-1.6409544232419384,0.02262640833362548,0.7199211700814496,0.7,0
0.9649122096138426,-0.7226379059725881,-0.5763568557113088,0.1,1
-0.3129777271476345,-1.1147971116318796,-0.3383932213469096,0.1,1
-1.0001181949193358,0.3931279445631418,-0.297494678041411,0.4,0
-0.9234584093182912,-0.8551450117106089,0.04407401956958181,1.8,0
-0.9355597617352722,-1.5086047367985778,-1.2159023509982596,0.2,1
0.1243438907860525,-1.9256995037822693,-0.022392256840555305,1.3,1
0.7222612490959787,-0.7456663467925714,-0.42767171223687966,0.1,0
-1.6224462614393422,-1.1188567591353757,-0.7068824334296312,1.0,0
0.2096193168358401,-0.5226915066339702,-1.272394590132357,1.2,1
-0.6840932639383125,-1.3616569935764558,1.6148454094330722,0.1,1
-0.7693277395293228,1.4147084033560018,-1.7337455995050335,2.0,0
-1.1083092699359802,1.3274640350014653,-0.40126745311983675,1.5,0
2.0451710609410267,0.7141015756237734,1.2980886148588988,0.1,1
-1.6781091423520658,0.08909213271211439,-0.4506911257832341,0.6,1
1.5231186386390532,-0.5532171313407854,-0.08821924400497576,0.1,1
-0.923853453412221,-1.7842078307615223,0.48819622326276035,0.7,1
-0.4899031127726877,0.21742934271388317,-1.1290773346663707,0.3,0
-0.20678078214552284,-1.0099417805864614,-0.6777458222904753,0.4,1
0.008687600991727768,-0.7028346878775464,0.3999858207388483,0.4,0
-1.3301059331012692,-0.5807194205277889,1.1628854566740083,0.2,0
-0.9025674634360147,-1.9673025098038326,1.0971851630689475,0.3,1
-0.30966333265023555,-1.2107303126068418,-1.3465393364012546,0.2,1
0.3936139350580362,-1.3315607658029662,-1.9007507947513265,0.3,0
0.45575172746477605,0.05070751537538168,0.4247602012428556,0.9,1
-0.7315107011302029,0.22186550256630339,-1.1608707213506613,0.7,1
-0.5439882140610761,0.011153914540537872,0.08660950226087133,0.8,1
0.9708457178914063,0.6668552050625008,-1.0372932023896166,0.2,1
-0.6671279482387729,0.6433668890940597,1.2317571338621327,0.1,0
0.4659004889412927,-0.4318657307900323,0.22792845602567532,0.4,1
1.1613181279620926,1.368589432996629,-0.5654063297116544,0.1,0
-0.96743932471248,0.06265280507226523,-0.6031998642331641,0.9,1
0.009763960431601337,-0.8750138089079015,0.33524440244988324,0.9,0
0.5268682376154209,1.4871855737502688,1.279701283802631,0.5,1
0.23894212871751294,-0.8772244587170448,0.8679679430780021,0.1,0
-0.6378944050463015,-1.4197862579059577,-0.30030832330732565,0.6,1
-1.3560969322340088,1.8379346064033026,1.0387262608426118,1.1,0
1.2971533399339679,-0.5093617000719374,-0.2119152271610226,0.2,1
0.10931232180812943,-0.5097235705640804,-0.07085067070281842,0.1,0
0.32189897517303484,-0.8113010147844423,-0.15445082808694022,0.3,0
1.1634427993191963,0.06072654864662528,-1.8604453075371166,0.3,1
-1.0204957437440922,-0.7868732935968366,-0.5505726332594604,0.8,0
0.10288278800754797,-0.9842441045783076,1.4684913935083674,0.6,1
-0.2993661088362496,0.4071951561600838,-0.956936117847185,1.0,0
-2.151018265856164,0.389837417273096,0.7183595308518028,1.1,0
0.9118386821057803,-0.18258068148978066,0.11036136089430917,0.1,1
-0.9055804812094368,-1.6663765275354867,0.0005331964130058071,1.0,1
0.42971002325110697,0.39755450261952774,0.7832455183679113,0.1,1
0.9089335387314508,0.7319644663795055,0.6963052465031063,0.1,1
0.19243847860924237,-0.6238493862567894,-2.037095345494854,0.1,0
0.15422898715988104,1.328588269123048,0.4417100265425794,0.2,1
1.9210541392349896,0.6929659300108545,-1.9802060890445923,0.6,1
1.1274833109290474,-0.8246453216759765,0.011795844127349076,0.8,0
-0.2941789396316011,0.08199120284987028,1.7610927407168409,1.1,1
1.3395718612681997,-1.2096321371901881,0.5920304167805179,0.1,0
-0.5312494735119074,1.4565773518740324,1.7843441891262262,0.8,0
-0.1633863828437039,1.2347074477582243,1.3481339966316888,0.6,0
1.0537220156175666,1.4322780215161435,0.21318937754657658,0.4,0
0.7084279293085062,0.31582075801954224,0.44251493477166554,1.1,1
0.35160994550865393,-1.7452945019616442,0.16479320365579356,0.1,1
1.3971504351519066,-0.9774070423493041,-0.19885241819679483,0.4,0
-2.696496250198397,0.5814774844706475,0.30941866583822436,0.7,0
1.0844231764688048,1.707671631109415,-0.6468558397024058,0.1,0
-0.518457981864397,0.710288385412489,-0.3211914958730133,0.9,0
0.8016900586857701,-1.5117642428370117,-0.1375332153677244,0.1,1
-0.9490861233511676,-1.422931695929075,0.23809568810838969,0.1,0
-1.0149735763100345,-0.5171893174598029,-0.44623345168363726,0.1,0
-2.8047507929626523,0.6916147606000584,0.32910636428425893,0.8,0
0.19760046293048872,-0.32939527821133086,1.3837280766331743,0.1,1
0.3210903430438472,-1.0586927746493138,0.3959532656503273,1.3,1
1.157182622399956,-0.09710160680939561,-0.046877372650949725,0.3,1
0.47337409330589714,0.7771465030168037,0.4729579293704317,0.2,1
-0.32068155955102057,0.6796029323319764,-0.19260994977455195,0.2,1
-0.24739853245833587,1.232853297480278,-0.30183849600655116,0.3,0
-0.8054146124939441,0.552169748163293,-0.910274590253989,0.1,1
1.1517302013776896,0.10622283432182308,1.0335182422479223,0.1,1
0.021292274953705625,-1.003896848262371,-2.82301148326885,1.1,0
-0.9184484713931985,1.1295186875715844,-0.48964660474077076,0.1,0
0.8691457104945244,1.0732249160387883,-1.6773054469622042,0.4,1
-0.44138240015149965,-0.15717118816743456,1.424599995454766,0.7,1
1.559620876424556,-0.7499309791971616,0.6411318486551761,0.1,1
0.31606582871326194,-1.1254238173202724,1.081106325627092,0.4,1
1.6822513832146455,-1.0729352392785791,0.6341263425188458,0.1,1
-0.7147969480190851,1.0440309170526998,1.0788416407149266,0.9,0
-0.3730762153584751,-0.20653235756822588,1.5870307505104762,0.5,0
-0.22329224048338311,1.0423817332348917,-1.7786363448630178,1.4,1
-1.5151833532290793,1.029008295216405,0.20061542339444188,1.3,1
-0.35209537268586305,-1.1646614782565843,0.14945810719956232,0.3,0
-1.4146831680119374,-0.24597328699675833,0.5777454654579949,1.8,1
-0.37396595312599146,-1.6810763502875816,-1.785077826494535,0.6,0
-0.5715175440915574,-2.3686856767536817,0.6690366173587966,0.1,1
-0.8379797405106314,-0.7598882418565676,-0.4950193083023139,0.3,0
-0.9079068478970165,1.202645807698784,-0.799711365880566,0.6,1
-1.3545605847858502,0.9348066684642619,-0.8404575132764669,1.0,0
1.3667914885338535,0.5983212892886053,-0.5586317478127089,0.3,1
-0.020244800206285916,-1.1457363708100243,-1.248754825860774,1.1,0
1.0062383256843506,-0.4669574266247736,-0.2790939648526844,0.1,1
-0.5877918707570426,0.028059915759890527,-0.384745343322987,1.7,1
-0.027041169178047733,-0.023513182554286294,1.2654600695473872,0.6,1
-0.5405802991717955,-0.15211186675613675,0.08189586857935306,0.1,1
-0.9733116645956791,0.45505773093518564,-0.14944082062566844,0.4,0
-0.608432758539519,-0.8110045690006509,-0.12443766355308779,1.0,1
0.1796903502064876,0.3799550120954086,0.6822024432932973,0.2,0
-0.3455541979902161,1.3050081754028091,0.0900850842395618,0.6,1
1.0697422172003803,-0.33292064246946,1.105624969299252,0.2,1
0.0576723086692171,-0.7188035088219612,-0.4030818559487002,0.6,0
0.2312068463572746,-1.6293649822393226,0.2260901611533232,0.2,0
-1.9557410365721286,0.1891807658665339,-0.8202738538459743,1.2,0
-1.217572686173037,-0.5657684226551687,1.2669252661045605,0.4,0
1.6834943285209296,-0.35404150791645733,1.4314961536170976,0.1,1
0.31504285187109643,1.7312776972372181,0.1159075516535932,0.1,1
0.7455132643825139,-0.9860043433918615,1.2732788381181295,0.3,0
0.8990818962499434,1.223236043410297,1.6527914717138303,0.3,0
-0.2530524122761573,0.5166333036636049,-1.7800520705241905,0.3,0
-0.8115999029534172,-1.1507708855324597,0.8872222236138093,0.4,0
0.6619688111293358,0.48679220492685865,0.2695074452423727,0.1,0
2.1321102263083493,0.9766110921563201,-0.41236229819829573,0.6,1
1.8456230803437532,1.8399979302329468,0.9951755342199305,0.4,1
-2.1200231869773694,-0.7957479121074147,0.586364058188665,0.4,0
-0.20995403690182077,-1.506529590453007,0.24871022939858228,0.3,1
-0.6182318792894773,0.3944053351533559,0.40329430515927345,0.4,1
1.6104859352065348,-0.7675297752942549,1.2095221446182751,0.2,1
-0.8260930715140125,1.181709523638452,0.6326260350588423,0.4,1
0.552124402283973,0.26704921658377756,-0.5653889917155686,0.6,0
0.5147304544687514,0.6626530013214992,1.3346335420078117,0.3,1
0.4850573651482368,0.574557779920028,-0.9966530261493104,0.4,0
-1.6632238569781577,0.24222097085942224,2.4217872295060268,0.1,0
-0.08623454810852955,-0.8712726203713261,-2.6051735504530513,0.5,1
0.6208177095459887,-0.9688993252569318,-0.6177406161621445,0.1,0
0.29053601866125556,0.6740998609943344,1.9249777695338073,0.2,0
1.2705910507505185,0.7290175420686222,-0.006434186497540006,1.0,0
-1.1969316469194466,-0.2510604685157123,0.9754345484670925,1.5,1
-2.261289880382945,-0.07700732252109556,1.5500352640119301,1.0,1
0.9294154757347561,-0.2715736769779852,-0.34105755507706503,0.2,1
0.6429590812361927,-0.23971801065244597,0.5617244976483929,0.2,1
1.7368394067354613,-0.26631161245956453,-0.5866565372950214,0.2,1
1.0828942937080042,0.3610466879774481,-0.808316242507592,0.1,1
-2.0109507022802013,1.7863854085886997,1.9353849084910217,0.7,0
-0.1145423627775443,0.541885833044809,0.2640329257794638,1.4,1
0.5245237851726872,1.767441022209978,0.5494085024820163,0.2,1
-0.034752360574746274,0.42412867218863265,0.26173610821282844,0.1,0
0.82401962646525,-0.15375624086299733,-0.5498929269934079,0.1,0
2.0049516417777427,0.8629117020255914,0.9738369237200589,0.1,1
2.3379272726429656,0.13806743557518927,-0.08759063848399358,0.1,1
0.4917984275113651,-0.904189425471441,-0.8437653001762035,0.2,0
-0.9529404161906511,0.7135023106655995,-1.5034156067096822,0.2,0
0.14160732848757404,-0.0515795032964161,1.5948676478707637,0.1,0
-0.30412362992994235,1.0212251342293848,0.919300748011748,0.5,0
0.831056950542153,1.5709641522771423,-1.7147929416643972,2.7,0
0.5224055989073264,-0.2734071983258879,-0.2772929025169579,0.1,0
1.4218620083901408,-0.4842814376887149,-0.5918716973760397,0.1,1
1.3245563914290706,-1.9099029052311582,1.4455886276352081,0.1,1
-0.9851521616982407,1.9780714920693607,-0.6814397047251615,0.1,0
0.6851493749159019,0.4178985752336241,0.2169521422416972,0.2,0
0.6499870011689753,0.10203449993426654,1.242279640968712,0.6,1
0.7588328372600551,-1.676006703692915,-2.59957600694402,0.1,0
2.4395315042789867,-2.2308010646287673,0.16757631535746745,0.1,1
-0.5269379537519855,-0.5688706579447704,-0.8346919068585499,0.6,0
2.2248075345631926,1.0664648550983469,-1.0403472636780968,0.5,1
0.7787180791392003,0.28167385784674,2.106535263566595,0.4,1
