x1,x2,id,cluster,strata,start,stop,event
-0.3085644986389019,0.8177608165726642,1,0,2,0.14,0.91,1
-0.6902729291904702,-0.5867261098810345,2,1,1,0.26,1.04,0
0.930240007280311,-0.1750916628217279,3,1,0,0.2,0.38,1
0.36560135130035043,-1.3637321765411965,4,1,2,0.18,0.71,1
-0.41820986190980264,2.320330188084025,5,2,1,0.24,6.07,1
0.6528498284466163,0.052970433297943126,6,2,2,0.04,0.87,0
0.29961756328026085,-1.0442895456840422,7,2,1,0.08,0.39,1
-0.8909578981611629,-0.0925922157109714,8,3,1,0.16,2.27,0
0.7282377622446351,-2.201236381909008,9,3,1,0.08,0.57,0
2.2708330921391773,-0.8115693732230942,10,4,0,0.15,1.24,0
-0.39647038134042933,-2.414012620224965,11,4,2,0.08,1.28,0
-1.263610589674703,0.010187998661147016,12,4,1,0.16,1.89,0
0.40604445679785983,-1.3801131559514552,13,5,0,0.26,1.07,1
-1.5625245386083917,-1.1787537986301535,14,6,2,0.29,4.4,1
1.4873424530817847,-0.6329373240983752,15,6,1,0.02,0.06,0
0.9102397186829738,0.19653776704953638,16,7,0,0.07,0.94,1
1.5763861554217564,0.597739968609608,17,8,1,0.24,0.74,1
-0.5499067152254572,-0.8623557562532286,18,8,2,0.26,1.75,1
1.064445976182115,0.24033093334294447,19,9,0,0.09,2.64,0
0.42630685312674643,1.3272156297364688,20,10,0,0.0,0.54,1
0.23490690998988403,0.6877659214255643,21,11,0,0.01,1.55,1
-0.6137148657806394,-1.1101078202024102,22,11,2,0.12,2.25,0
-1.0821885617691003,-0.5986385523118238,23,11,1,0.13,1.33,0
1.4025912890525607,0.3149970584036983,24,12,2,0.02,1.29,1
-0.09800232625333877,-0.9848795110826211,25,12,1,0.26,3.2,1
-0.06382474620841368,1.6508834341994396,26,12,0,0.13,2.32,1
1.0430605300274884,0.2061449543735757,27,13,0,0.13,0.69,1
-0.05651139174026272,0.7810086091023345,28,13,2,0.03,1.18,0
0.10694846865510649,0.9815435513532969,29,14,0,0.06,1.83,0
0.9563625862300068,1.084860099316552,30,14,1,0.17,1.14,0
-0.5417865285271376,-1.0543738525526292,31,14,1,0.1,2.28,1
1.6047161649395845,-1.0090896868220218,32,15,1,0.07,0.36,1
-0.8850473168370314,-0.11343782537591199,33,15,2,0.23,0.54,0
0.5213752172076339,-0.09692725623286215,34,16,1,0.01,0.41,0
1.1339900556323588,-1.2085921401818998,35,17,0,0.2,1.31,1
-1.201931083754826,-0.665777752068272,36,17,2,0.03,1.91,1
0.6233233816633397,0.49929823759485165,37,17,0,0.06,1.8,0
-0.3962362428943856,0.7816286619121029,38,18,1,0.1,0.18,0
0.2551538283513772,-0.18727500416781634,39,18,0,0.08,2.48,1
-0.6639013237193431,0.3372654617999144,40,18,1,0.01,0.54,0
-0.5342906621630812,0.04759004212081871,41,19,2,0.08,2.2,0
-0.8502216763194348,-0.4192956193459382,42,19,1,0.08,0.61,0
-0.06774434363142563,-0.39117307725707157,43,19,1,0.07,0.42,1
0.5040237280342014,0.20008261866107555,44,20,1,0.14,0.16,0
-0.09627680834723482,0.8819626356501066,45,20,1,0.18,2.5,1
-1.2034158316921317,1.27316533826064,46,20,2,0.22,1.01,1
-1.5242934794926246,1.1739607359431676,47,21,0,0.09,2.92,0
1.3187502929608186,1.5632833948863571,48,22,0,0.2,0.4,0
0.509256813562633,0.8775019545787571,49,22,2,0.22,0.63,0
0.9379015860520119,0.27473645111269884,50,23,0,0.29,3.29,1
0.42095523946008967,0.9478940815642163,51,24,1,0.09,4.86,1
0.3814161538671718,0.012940105652505106,52,25,1,0.21,0.67,1
0.3124844943558871,0.2426018300308915,53,25,0,0.29,0.86,0
1.4169939871659807,-0.7202166979403166,54,25,1,0.28,0.31,1
-0.5490223610738807,0.7801486646911067,55,26,0,0.15,2.09,0
-0.42936006806243787,-0.8512319904295358,56,26,0,0.1,0.19,0
0.09931522695410107,0.6185043100210045,57,26,0,0.07,0.52,0
1.0958737278845416,-1.0392585081484442,58,27,2,0.0,0.84,1
-0.48397337983940586,0.07555335374048858,59,27,0,0.15,0.39,0
0.24155241499679717,0.5610370506809188,60,27,2,0.29,3.74,1
0.29891872075978204,-0.21588101206510305,61,28,1,0.27,0.8,0
-1.157578066840543,-0.3229536252949971,62,28,0,0.11,0.83,0
1.6452304820063515,1.3871869503286491,63,29,0,0.25,1.3,0
0.5517619887060509,-0.9420911480463088,64,30,0,0.09,1.36,0
-0.4224950916640137,0.9412978738307757,65,31,1,0.02,1.14,1
-1.5514730088496334,-0.9032531955224737,66,31,0,0.16,1.63,0
0.3766130177796364,-1.894120484169635,67,31,2,0.16,2.82,0
0.659930423861581,-0.5172636112883402,68,32,1,0.06,0.16,0
2.1704877735094357,-0.014741415355049853,69,33,2,0.16,0.22,1
0.630245250090032,0.46133643966729304,70,33,1,0.07,3.13,0
1.6738265197568705,-0.09009335053840133,71,34,0,0.22,1.06,1
0.5142245409961795,-0.506249266123322,72,34,1,0.16,4.66,0
-1.5650847832334238,-0.03227270031642077,73,35,2,0.27,1.22,0
0.10836980406049572,-0.6491717601943263,74,36,1,0.23,3.4,0
-0.8777950775192146,0.2749340155011382,75,37,1,0.24,2.97,0
0.12831964806555166,-0.2377093108403034,76,37,1,0.12,0.37,0
2.6624493435026637,-0.06398492627054513,77,37,0,0.16,0.43,0
1.1722475446986382,-1.0747741951822931,78,38,2,0.22,1.02,1
1.606436833542664,-0.3248197829092088,79,38,1,0.12,0.51,1
-0.6602143838571545,-0.500890941212077,80,39,2,0.14,0.33,1
-0.2165370802017068,-0.7169140773217452,81,39,1,0.02,0.84,1
-1.14004793041954,-0.3258054651482726,82,39,2,0.28,0.48,0
-1.1219411238064576,-0.4243861468957713,83,40,2,0.08,4.1,0
-0.4405175901021433,-1.0329596333884286,84,40,2,0.14,4.17,0
0.027645891891903154,-0.25559164092552644,85,41,0,0.17,0.7,0
-0.39544925651649554,-1.132370561267599,86,41,1,0.13,1.25,0
-2.4938714230800447,2.1929927204120316,87,41,1,0.19,0.4,0
0.3444195051774004,-0.44680367191712983,88,42,1,0.27,2.35,1
0.36116895248047287,-0.04130646399456409,89,42,2,0.23,0.81,1
-0.18870671765542685,-1.5981899438071037,90,43,0,0.12,2.41,1
-1.3855242312641818,0.6142531044084919,91,44,0,0.27,7.98,1
1.0489662327942988,1.274340651194201,92,45,1,0.03,0.27,0
-1.2513875037436049,0.8535553164084018,93,45,0,0.08,0.75,1
2.526446551359318,0.6902270422218033,94,45,0,0.12,1.31,1
0.6892168766587499,0.5375954578378436,95,46,2,0.21,1.51,1
-1.7965424491508746,0.9423842032339633,96,46,1,0.08,0.4,0
1.018837600065397,-0.05445734629592253,97,47,0,0.01,1.27,1
-0.6883419534488141,-0.3545705457280668,98,47,0,0.23,2.51,1
0.36016391809258536,1.1062630246022902,99,47,0,0.04,2.17,1
0.11760993139727952,0.3549734601924995,100,48,2,0.29,0.38,0
0.09518665545795274,-0.5729346124182894,101,49,0,0.15,0.33,1
-0.8684075738433161,0.24177382969091607,102,50,2,0.15,1.04,0
-0.1733806280518638,0.17766745645775903,103,50,1,0.19,0.36,1
2.369793582133364,0.8293136797637246,104,50,0,0.28,0.34,1
-1.238315507415902,0.6267858543244743,105,51,1,0.01,2.39,0
0.2413495420830391,2.0697083086435084,106,51,0,0.08,0.18,0
0.6600131404166928,1.4195945198013469,107,52,1,0.11,1.45,0
0.8484098291621992,0.6270896257168349,108,52,1,0.14,0.95,1
-1.7392134195287363,1.17793277781191,109,52,0,0.23,2.94,0
2.011066890930524,-0.3042572695226084,110,53,0,0.2,0.22,0
1.7813713111826375,-1.2118831435058093,111,54,0,0.1,0.99,1
0.2927299342208198,0.4485758214288562,112,54,2,0.21,0.36,1
1.2290181006665741,1.0611482462826423,113,54,0,0.1,0.37,0
-0.39279128018861775,2.132535426646992,114,55,1,0.13,0.33,0
-1.2450969867050827,-0.5489767674401579,115,55,2,0.07,0.27,0
-0.44118361894465585,-1.9635982178978,116,55,0,0.05,0.49,1
-1.0119266179754278,0.1840623486840846,117,56,2,0.26,0.7,1
2.032449038784365,1.5552607320555059,118,56,0,0.28,0.4,0
0.07788754776238149,0.6435427526675449,119,57,1,0.12,0.68,0
-2.533391332823103,0.3027199474506219,120,58,2,0.01,1.51,0
1.518410680053843,-0.9107385173223869,121,58,1,0.03,5.03,1
1.061390891008923,-1.2205609193343785,122,59,1,0.21,1.02,0
0.024310313598572074,0.08206664645278042,123,59,0,0.15,0.83,1
0.47353060682234294,0.5131336678915372,124,60,1,0.27,0.52,0
1.537102171772201,0.8445655503632643,125,60,1,0.25,1.84,1
-0.004998147562464265,-0.23553359444408936,126,61,1,0.12,2.46,0
-0.9906338933643428,-0.48539745804564666,127,61,0,0.14,0.15,0
-1.8021521880799019,-1.748544579357883,128,61,1,0.2,3.49,0
0.6698018550712831,0.6099528702141855,129,62,2,0.17,0.7,1
0.6792835221332311,-0.5817991906898798,130,63,0,0.07,2.67,1
0.4065813085799651,-1.8872074031154185,131,63,0,0.23,0.8,1
0.8223524775808835,0.6890401557136678,132,63,2,0.07,0.89,1
1.4025229610759147,0.30314562517572685,133,64,0,0.02,1.24,1
0.1532450491794883,-1.369151124440177,134,64,2,0.24,0.94,0
1.3237656698303355,0.13194497798329513,135,64,0,0.26,0.77,0
-0.5158599273125907,0.37304539229152406,136,65,1,0.17,3.22,0
1.6057583038198746,2.527648906393144,137,65,2,0.05,1.22,1
0.06810857901691814,-1.2862404413041517,138,66,2,0.12,2.04,1
-0.17560044479170206,0.22613508103903449,139,66,1,0.09,1.85,0
0.01680251223147308,0.6985306133834379,140,66,0,0.05,5.38,1
0.04650817284237453,0.09965617809269349,141,67,0,0.22,1.96,0
1.1434049607538952,-1.3956586912270428,142,67,2,0.28,2.26,0
0.38703325539780875,1.0747887869119246,143,68,2,0.08,0.9,0
-0.2761465500298156,0.0959689265212072,144,69,1,0.2,1.19,1
0.8844246875977859,2.075368128284183,145,69,2,0.17,1.22,0
-1.643927963055029,0.6909680840346349,146,69,1,0.18,0.36,0
0.23583667852973272,-2.939166141969786,147,70,2,0.17,1.14,0
0.3675870087887561,-1.0600450020557557,148,70,1,0.22,0.44,1
2.1938753866903364,1.7127773115025076,149,71,0,0.2,0.91,1
-1.4391050947502095,0.7341565870912029,150,71,1,0.02,14.24,1
-1.0050501896596156,-0.30117077109025475,151,72,0,0.26,8.07,1
0.8512598592941373,-0.024897603406264145,152,72,1,0.06,0.98,1
-0.027287527840879428,-2.7570314323279788,153,72,0,0.05,0.58,1
-2.1361518725997044,-1.6686031671988308,154,73,2,0.23,0.24,1
0.27910560070651647,0.6058370728703693,155,74,0,0.16,2.74,1
0.09365691461205924,0.2419105701162066,156,74,1,0.23,0.35,0
-0.9289333215715232,0.6838498539341158,157,75,2,0.12,6.74,0
0.9689459566131456,-0.5538688927577557,158,75,2,0.18,0.43,1
0.09979560948683373,1.4263816459168144,159,75,1,0.14,2.56,0
-1.168411162299485,-0.7569169796554599,160,76,2,0.06,0.07,0
0.1815625418527769,-0.33330954861207074,161,77,2,0.09,0.58,1
-1.3267402848066727,-0.24490163233247142,162,78,0,0.04,0.15,1
-0.29753488025885105,0.5293880619264849,163,79,0,0.27,0.68,1
1.1176367956421585,-1.4783849837160974,164,79,2,0.19,0.41,0
-1.0926887136653443,1.2917921645831083,165,79,0,0.22,3.92,0
-0.15529381453270866,-0.45519723103172227,166,80,0,0.12,0.56,0
-0.7279846127474688,0.5614656998846973,167,80,2,0.01,0.47,0
-0.9124559312798953,0.5113296292648706,168,81,1,0.24,2.12,0
-0.44041098648034577,-0.31982714017537384,169,81,1,0.03,0.18,0
-1.141963105872687,1.0183903436465254,170,81,2,0.13,2.61,0
1.1642856413245024,-0.9903527600895283,171,82,0,0.04,0.43,0
0.37463485999457485,3.272800100297,172,82,2,0.11,1.2,1
-0.9483037541637256,-0.6305396844968979,173,82,2,0.22,0.46,1
0.5931351514434382,-1.3650298032019157,174,83,2,0.22,2.9,0
0.45598945537685204,1.0823858896382854,175,84,0,0.07,0.7,1
0.899626273479886,-0.07069737830151017,176,84,2,0.23,1.2,0
0.1742314663452281,-0.016101554571533616,177,84,0,0.18,0.91,1
0.2764470456101542,-0.14075506673111612,178,85,2,0.23,0.43,1
-0.3937489874207001,1.767652551599839,179,85,1,0.07,2.4,0
0.04046838144212568,-2.447352124571473,180,85,2,0.29,0.72,1
-0.0774737213209866,0.1690172344945621,181,86,0,0.24,0.92,0
1.0787429678550573,-0.7872903705019763,182,87,1,0.08,1.54,1
-0.8787769304045858,-0.13922832607766256,183,87,1,0.03,0.52,1
0.7663558301413503,0.3794034269657725,184,88,1,0.14,2.93,1
-0.7700742642333189,0.5323776655778053,185,88,2,0.25,5.14,0
-0.7605401801150338,-1.7730132878184701,186,88,0,0.2,1.03,1
-1.2324323837543636,0.11142504435318625,187,89,2,0.24,0.91,0
-0.7801974609918176,0.471405803471298,188,89,1,0.28,1.68,0
-0.5050216569267386,-0.040236606573239624,189,89,0,0.14,0.26,0
-0.9693797494702056,1.0325537880331428,190,90,1,0.24,1.4,0
0.11587581084405799,1.4323847701548729,191,90,0,0.11,0.87,1
0.8567532486474886,-0.13048738737548982,192,91,2,0.24,0.68,1
0.8274959864925857,-0.6246175594314021,193,91,0,0.21,0.48,0
-0.2861540626073588,-0.4092672185618381,194,91,2,0.27,2.87,1
-1.5257910490870177,-1.2834351738484542,195,92,0,0.14,0.25,0
0.4726408799112963,-0.4279011459833198,196,93,1,0.08,1.65,1
0.3403151601338431,-1.2302512611340741,197,93,0,0.22,0.89,0
0.24612531561223513,0.6028842253079983,198,93,1,0.17,1.73,0
-0.42851422684489265,0.5985390325554786,199,94,1,0.25,3.99,1
0.21491875918575093,0.10069396142563941,200,95,1,0.0,3.23,0
-0.8104601577584467,2.3413300467138645,201,95,2,0.27,0.48,0
-0.44434324871062986,0.6315859447174543,202,95,2,0.29,2.48,0
-0.3197674729566802,-0.9571721828757211,203,96,1,0.07,0.19,0
0.03726335047899804,1.9160197540364716,204,96,1,0.04,0.73,0
-0.6236044019729123,1.409708019115233,205,96,1,0.19,1.24,0
0.5063653274743137,-0.3702859185906509,206,97,0,0.14,1.49,1
0.5365750194162611,-0.018467511086075774,207,97,1,0.08,5.3,1
-0.002026615550369302,0.3651019895819584,208,97,0,0.14,0.3,1
0.40289200960005456,-0.7839709944003129,209,98,0,0.21,1.18,0
0.7632369662344979,0.4972650215405327,210,98,1,0.06,0.11,1
0.9762846015880617,-0.37916202143386185,211,99,0,0.27,2.17,0
0.8612149782751999,-0.7610781859657013,212,99,2,0.25,1.55,1
0.8379251072516338,-0.4991055125868461,213,100,0,0.15,1.29,1
0.6327975165258177,0.28872566182258647,214,101,0,0.08,2.14,0
-1.2993353442524231,0.62276755184222,215,101,1,0.21,0.77,0
-1.4433557287949734,-0.7671454959867233,216,102,1,0.19,2.11,1
0.7503655475821053,0.7820127166004045,217,102,0,0.19,1.79,1
1.902424125313117,-0.01891695673621294,218,102,0,0.21,0.9,1
1.1019971431288504,1.3237675561767765,219,103,1,0.28,0.68,0
-0.8887412879781939,0.557934293629334,220,104,1,0.28,2.33,0
0.48282438817142903,-0.028958907312594245,221,104,1,0.05,0.83,1
-0.4010902917564037,1.0844982229781928,222,105,1,0.13,0.46,0
0.3784473745926747,0.5617242476849208,223,106,2,0.12,0.19,0
0.46198154279502474,-1.4378390074585297,224,106,2,0.14,0.16,0
-1.8986773142081634,2.259683853080529,225,106,2,0.22,2.02,0
-0.6349722782881676,0.38930462425486,226,107,0,0.19,1.45,1
0.1774075078742238,1.1869164176374989,227,107,0,0.12,0.51,0
-0.9385522660561404,-1.5861608969628933,228,108,2,0.23,0.82,0
-1.1792592448943209,-0.28720627514947833,229,108,1,0.21,5.98,0
-0.034632353886370204,-1.0649461734693928,230,108,1,0.22,0.24,1
1.0914501139689878,0.2590609079584232,231,109,2,0.1,0.25,1
-2.0849151835664577,0.3336302879951405,232,109,2,0.17,1.03,0
0.08517120759244433,-0.06968273141798909,233,109,1,0.0,0.03,0
0.043303840023818055,1.254913008760995,234,110,2,0.01,7.5,0
0.14791589788232257,0.40647756952144876,235,111,0,0.15,2.29,1
0.4089340157905223,-0.9343968974522354,236,112,1,0.01,0.05,1
0.7693719671137619,-0.11493651542591242,237,112,1,0.04,0.66,0
0.30774862386125884,0.6271923346583597,238,113,0,0.1,0.37,0
-0.7035478310106704,-0.0800796001643826,239,113,1,0.05,1.72,0
1.1353446199713997,-0.7073269739256957,240,114,0,0.15,2.02,1
-0.15017885985950208,0.948788148260155,241,114,2,0.18,0.33,0
-0.5593925108930788,1.789254431116064,242,114,2,0.16,0.25,0
-1.2441335357938805,-0.9031849335401613,243,115,2,0.02,0.66,0
0.7784012311630709,0.7661813283695834,244,115,2,0.13,0.55,1
-0.6337031059438343,0.18146867069077374,245,115,1,0.14,1.27,0
0.9865239677419423,0.34944339742825853,246,116,1,0.27,0.41,1
0.764795831327571,0.7900427476147275,247,117,2,0.09,0.22,0
0.08472346673841573,1.1599653337443716,248,118,1,0.06,3.93,0
-0.035037681442424286,0.956353524788687,249,119,0,0.27,3.86,1
-0.28625441763700954,0.16088977811936095,250,119,2,0.06,1.38,1
1.0802172324569,-0.6239369773029065,251,119,1,0.02,2.4,1
